Date,Price,Open,High,Low,Change %
01/31/2025,4.542,4.524,4.583,4.5,0.50%
01/30/2025,4.519,4.538,4.544,4.486,-0.31%
01/29/2025,4.533,4.532,4.593,4.51,0.00%
01/28/2025,4.533,4.544,4.579,4.532,0.00%
01/27/2025,4.533,4.599,4.601,4.498,-1.80%
01/24/2025,4.616,4.641,4.662,4.605,-0.61%
01/23/2025,4.645,4.609,4.664,4.595,0.71%
01/22/2025,4.612,4.582,4.617,4.556,0.87%
01/21/2025,4.572,4.558,4.591,4.53,-1.07%
01/17/2025,4.622,4.621,4.629,4.566,0.23%
01/16/2025,4.611,4.653,4.694,4.588,-0.92%
01/15/2025,4.654,4.788,4.79,4.637,-2.89%
01/14/2025,4.792,4.763,4.809,4.749,0.07%
01/13/2025,4.789,4.799,4.805,4.759,0.56%
01/10/2025,4.762,4.673,4.79,4.673,1.58%
01/09/2025,4.688,4.689,4.691,4.642,-0.08%
01/08/2025,4.692,4.689,4.73,4.663,0.18%
01/07/2025,4.684,4.632,4.699,4.606,1.32%
01/06/2025,4.623,4.618,4.644,4.575,0.49%
01/03/2025,4.601,4.545,4.604,4.535,0.87%
01/02/2025,4.561,4.571,4.599,4.517,-0.24%
12/31/2024,4.572,4.515,4.589,4.507,0.89%
12/30/2024,4.532,4.629,4.631,4.533,-2.11%
12/27/2024,4.629,4.585,4.631,4.573,1.00%
12/26/2024,4.584,4.597,4.641,4.573,-0.13%
12/24/2024,4.59,4.584,4.629,4.581,0.05%
12/23/2024,4.588,4.526,4.599,4.518,1.29%
12/20/2024,4.529,4.556,4.566,4.484,-0.79%
12/19/2024,4.565,4.514,4.594,4.502,1.04%
12/18/2024,4.518,4.391,4.524,4.381,2.83%
12/17/2024,4.394,4.395,4.442,4.373,-0.18%
12/16/2024,4.402,4.387,4.412,4.361,0.18%
12/13/2024,4.394,4.328,4.407,4.312,1.36%
12/12/2024,4.335,4.265,4.339,4.265,1.42%
12/11/2024,4.274,4.224,4.277,4.201,1.10%
12/10/2024,4.227,4.195,4.246,4.184,0.65%
12/09/2024,4.2,4.151,4.203,4.135,1.26%
12/06/2024,4.148,4.182,4.222,4.126,-0.69%
12/05/2024,4.177,4.194,4.225,4.174,-0.14%
12/04/2024,4.183,4.232,4.281,4.174,-1.01%
12/03/2024,4.226,4.195,4.24,4.165,0.74%
12/02/2024,4.195,4.207,4.248,4.174,0.42%
11/29/2024,4.177,4.254,4.256,4.172,-1.93%
11/27/2024,4.26,4.308,4.31,4.227,-0.79%
11/26/2024,4.294,4.287,4.324,4.273,0.46%
11/25/2024,4.274,4.343,4.369,4.261,-3.10%
11/22/2024,4.411,4.42,4.43,4.383,-0.18%
11/21/2024,4.419,4.41,4.439,4.377,0.13%
11/20/2024,4.413,4.404,4.438,4.388,0.40%
11/19/2024,4.395,4.412,4.418,4.337,-0.40%
11/18/2024,4.413,4.439,4.491,4.408,-0.71%
11/15/2024,4.444,4.449,4.505,4.4,-0.02%
11/14/2024,4.445,4.455,4.483,4.386,-0.11%
11/13/2024,4.45,4.435,4.463,4.357,0.49%
11/12/2024,4.429,4.324,4.443,4.314,2.86%
11/08/2024,4.305,4.337,4.353,4.264,-0.45%
11/07/2024,4.325,4.425,4.455,4.31,-2.39%
11/06/2024,4.431,4.258,4.479,4.258,3.52%
11/05/2024,4.28,4.289,4.366,4.273,-0.14%
11/04/2024,4.286,4.299,4.329,4.263,-2.26%
11/01/2024,4.385,4.292,4.388,4.222,2.41%
10/31/2024,4.281,4.294,4.333,4.26,-0.42%
10/30/2024,4.299,4.252,4.304,4.198,0.59%
10/29/2024,4.274,4.268,4.339,4.254,-0.09%
10/28/2024,4.278,4.266,4.3,4.23,1.09%
10/25/2024,4.232,4.204,4.25,4.174,0.71%
10/24/2024,4.202,4.248,4.248,4.182,-0.94%
10/23/2024,4.242,4.212,4.26,4.21,0.86%
10/22/2024,4.206,4.194,4.222,4.164,0.57%
10/21/2024,4.182,4.097,4.198,4.077,2.63%
10/18/2024,4.075,4.093,4.118,4.065,-0.51%
10/17/2024,4.096,4.022,4.1,4.018,1.99%
10/16/2024,4.016,4.037,4.043,3.995,-0.54%
10/15/2024,4.038,4.1,4.104,4.026,-0.86%
10/11/2024,4.073,4.069,4.118,4.059,-0.51%
10/10/2024,4.094,4.073,4.12,4.051,0.66%
10/09/2024,4.067,4.018,4.078,4.006,0.79%
10/08/2024,4.035,4.02,4.057,3.996,0.22%
10/07/2024,4.026,3.981,4.033,3.967,1.13%
10/04/2024,3.981,3.844,3.985,3.834,3.52%
10/03/2024,3.846,3.789,3.855,3.785,1.67%
10/02/2024,3.783,3.733,3.817,3.724,1.37%
10/01/2024,3.731,3.779,3.79,3.696,-1.46%
09/30/2024,3.787,3.753,3.806,3.749,0.96%
09/27/2024,3.751,3.792,3.809,3.741,-1.20%
09/26/2024,3.796,3.783,3.821,3.754,0.15%
09/25/2024,3.791,3.732,3.793,3.726,1.58%
09/24/2024,3.732,3.745,3.81,3.726,-0.51%
09/23/2024,3.751,3.757,3.794,3.73,0.25%
09/20/2024,3.741,3.713,3.764,3.7,0.61%
09/19/2024,3.719,3.715,3.768,3.691,0.15%
09/18/2024,3.713,3.642,3.721,3.634,1.80%
09/17/2024,3.648,3.618,3.655,3.599,0.83%
09/16/2024,3.618,3.646,3.662,3.618,-1.08%
09/13/2024,3.657,3.65,3.678,3.623,-0.61%
09/12/2024,3.68,3.659,3.706,3.638,0.51%
09/11/2024,3.661,3.637,3.689,3.605,0.56%
09/10/2024,3.64,3.704,3.725,3.637,-1.67%
09/09/2024,3.702,3.734,3.763,3.691,-0.36%
09/06/2024,3.716,3.734,3.77,3.648,-0.26%
09/05/2024,3.725,3.755,3.774,3.721,-0.85%
09/04/2024,3.757,3.837,3.842,3.753,-1.93%
09/03/2024,3.831,3.928,3.932,3.825,-2.42%
09/02/2024,3.926,3.909,3.941,3.905,0.49%
09/01/2024,3.907,3.914,3.917,3.905,-0.06%
08/30/2024,3.909,3.867,3.932,3.852,1.19%
08/29/2024,3.863,3.835,3.888,3.816,0.64%
08/28/2024,3.839,3.818,3.848,3.805,0.25%
08/27/2024,3.829,3.81,3.867,3.806,0.25%
08/26/2024,3.82,3.789,3.822,3.774,0.65%
08/23/2024,3.795,3.845,3.86,3.791,-1.62%
08/22/2024,3.858,3.803,3.877,3.788,1.55%
08/21/2024,3.799,3.799,3.833,3.761,-0.30%
08/20/2024,3.81,3.871,3.886,3.809,-1.66%
08/19/2024,3.875,3.907,3.907,3.852,-0.20%
08/16/2024,3.883,3.924,3.924,3.864,-0.92%
08/15/2024,3.919,3.839,3.953,3.828,2.08%
08/14/2024,3.839,3.846,3.886,3.811,-0.19%
08/13/2024,3.846,3.902,3.924,3.845,-1.56%
08/12/2024,3.907,3.942,3.967,3.896,-0.82%
08/09/2024,3.94,3.988,3.99,3.921,-1.25%
08/08/2024,3.99,3.924,4.022,3.894,0.94%
08/07/2024,3.953,3.884,3.977,3.875,1.31%
08/06/2024,3.901,3.835,3.909,3.805,3.24%
08/05/2024,3.779,3.789,3.832,3.667,-0.35%
08/02/2024,3.792,3.97,3.974,3.787,-4.76%
08/01/2024,3.982,4.056,4.066,3.965,-1.28%
07/31/2024,4.033,4.151,4.155,4.031,-2.61%
07/30/2024,4.141,4.178,4.188,4.13,-0.74%
07/29/2024,4.172,4.196,4.196,4.151,-0.51%
07/26/2024,4.194,4.243,4.264,4.19,-1.19%
07/25/2024,4.245,4.278,4.278,4.196,-0.96%
07/24/2024,4.286,4.254,4.292,4.21,0.73%
07/23/2024,4.254,4.253,4.256,4.221,0.00%
07/22/2024,4.254,4.218,4.278,4.204,0.28%
07/19/2024,4.243,4.194,4.249,4.185,0.97%
07/18/2024,4.202,4.161,4.206,4.156,1.02%
07/17/2024,4.16,4.161,4.196,4.144,0.00%
07/16/2024,4.16,4.222,4.222,4.156,-1.70%
07/15/2024,4.231,4.243,4.249,4.198,1.07%
07/12/2024,4.187,4.212,4.241,4.177,-0.60%
07/11/2024,4.212,4.288,4.315,4.168,-1.64%
07/10/2024,4.282,4.296,4.312,4.267,-0.36%
07/09/2024,4.298,4.282,4.329,4.274,0.41%
07/08/2024,4.28,4.29,4.317,4.265,0.04%
07/05/2024,4.278,4.374,4.404,4.269,-2.15%
07/04/2024,4.372,4.364,4.376,4.353,0.41%
07/03/2024,4.355,4.426,4.445,4.339,-1.87%
07/02/2024,4.438,4.457,4.465,4.414,-0.75%
07/01/2024,4.471,4.412,4.493,4.386,1.80%
06/28/2024,4.392,4.288,4.404,4.261,2.47%
06/27/2024,4.286,4.333,4.347,4.275,-0.99%
06/26/2024,4.329,4.244,4.331,4.242,1.93%
06/25/2024,4.248,4.238,4.259,4.209,0.32%
06/24/2024,4.234,4.257,4.277,4.226,-0.55%
06/21/2024,4.257,4.265,4.279,4.217,-0.09%
06/20/2024,4.261,4.234,4.294,4.228,0.59%
06/19/2024,4.236,4.225,4.241,4.223,0.41%
06/18/2024,4.219,4.275,4.3,4.207,-1.54%
06/17/2024,4.285,4.244,4.294,4.231,1.51%
06/14/2024,4.221,4.252,4.273,4.188,-0.64%
06/13/2024,4.248,4.304,4.328,4.223,-1.62%
06/12/2024,4.318,4.41,4.428,4.25,-1.91%
06/11/2024,4.402,4.463,4.465,4.394,-1.54%
06/10/2024,4.471,4.453,4.479,4.441,0.85%
06/07/2024,4.433,4.293,4.436,4.289,3.42%
06/06/2024,4.287,4.289,4.322,4.275,0.22%
06/05/2024,4.277,4.33,4.359,4.275,-1.21%
06/04/2024,4.33,4.396,4.414,4.314,-1.42%
06/03/2024,4.392,4.493,4.501,4.39,-2.45%
05/31/2024,4.503,4.544,4.572,4.485,-1.04%
05/30/2024,4.55,4.62,4.628,4.542,-1.42%
05/29/2024,4.616,4.548,4.638,4.542,1.49%
05/28/2024,4.548,4.459,4.554,4.445,1.95%
05/27/2024,4.461,4.451,4.473,4.446,-0.13%
05/24/2024,4.467,4.477,4.502,4.463,-0.26%
05/23/2024,4.479,4.426,4.498,4.408,1.20%
05/22/2024,4.426,4.414,4.461,4.41,0.31%
05/21/2024,4.412,4.445,4.451,4.398,-0.79%
05/20/2024,4.447,4.414,4.455,4.406,0.57%
05/17/2024,4.422,4.369,4.426,4.363,1.03%
05/16/2024,4.377,4.336,4.385,4.313,0.76%
05/15/2024,4.344,4.449,4.449,4.34,-2.28%
05/14/2024,4.445,4.489,4.534,4.441,-1.00%
05/13/2024,4.49,4.49,4.496,4.459,-0.22%
05/10/2024,4.5,4.465,4.508,4.441,0.93%
05/09/2024,4.459,4.49,4.52,4.447,-0.91%
05/08/2024,4.5,4.457,4.5,4.451,0.87%
05/07/2024,4.461,4.496,4.496,4.42,-0.59%
05/06/2024,4.487,4.483,4.514,4.469,-0.22%
05/03/2024,4.497,4.583,4.596,4.453,-2.00%
05/02/2024,4.589,4.63,4.651,4.567,-1.11%
05/01/2024,4.641,4.682,4.694,4.581,-0.88%
04/30/2024,4.682,4.611,4.692,4.603,1.53%
04/29/2024,4.611,4.655,4.659,4.607,-1.10%
04/26/2024,4.663,4.714,4.716,4.64,-0.87%
04/25/2024,4.704,4.646,4.739,4.619,1.21%
04/24/2024,4.648,4.6,4.671,4.6,0.90%
04/23/2024,4.607,4.613,4.654,4.568,-0.08%
04/22/2024,4.61,4.631,4.668,4.609,-0.27%
04/19/2024,4.623,4.627,4.635,4.496,-0.30%
04/18/2024,4.637,4.587,4.653,4.561,1.03%
04/17/2024,4.589,4.674,4.684,4.575,-1.72%
04/16/2024,4.669,4.614,4.696,4.591,1.30%
04/15/2024,4.61,4.534,4.663,4.52,2.04%
04/12/2024,4.517,4.582,4.584,4.483,-1.46%
04/11/2024,4.584,4.548,4.593,4.513,0.86%
04/10/2024,4.546,4.366,4.568,4.342,4.22%
04/09/2024,4.362,4.426,4.432,4.354,-1.36%
04/08/2024,4.422,4.414,4.464,4.406,0.50%
04/05/2024,4.4,4.309,4.406,4.305,2.14%
04/04/2024,4.307,4.343,4.381,4.299,-1.01%
04/03/2024,4.351,4.357,4.429,4.343,-0.04%
04/02/2024,4.353,4.305,4.405,4.303,0.83%
04/01/2024,4.317,4.19,4.337,4.188,2.54%
03/29/2024,4.21,4.21,4.21,4.21,0.09%
03/28/2024,4.206,4.206,4.238,4.183,0.42%
03/27/2024,4.188,4.238,4.241,4.182,-1.16%
03/26/2024,4.238,4.243,4.273,4.222,-0.28%
03/25/2024,4.249,4.198,4.261,4.19,1.13%
03/22/2024,4.202,4.265,4.269,4.198,-1.57%
03/21/2024,4.269,4.273,4.293,4.218,-0.18%
03/20/2024,4.277,4.285,4.324,4.233,-0.37%
03/19/2024,4.293,4.328,4.336,4.287,-0.82%
03/18/2024,4.328,4.308,4.348,4.291,0.46%
03/15/2024,4.308,4.296,4.322,4.269,0.38%
03/14/2024,4.292,4.19,4.3,4.186,2.49%
03/13/2024,4.188,4.147,4.198,4.131,0.90%
03/12/2024,4.151,4.094,4.172,4.081,1.28%
03/11/2024,4.098,4.083,4.116,4.052,0.52%
03/08/2024,4.077,4.09,4.131,4.038,-0.28%
03/07/2024,4.089,4.104,4.127,4.054,-0.47%
03/06/2024,4.108,4.155,4.17,4.079,-1.03%
03/05/2024,4.151,4.223,4.223,4.112,-1.57%
03/04/2024,4.217,4.193,4.235,4.189,0.75%
03/01/2024,4.186,4.254,4.296,4.178,-1.61%
02/29/2024,4.254,4.266,4.319,4.225,-0.27%
02/28/2024,4.266,4.305,4.309,4.264,-0.87%
02/27/2024,4.303,4.283,4.321,4.258,0.51%
02/26/2024,4.281,4.258,4.309,4.217,0.79%
02/23/2024,4.248,4.343,4.351,4.246,-1.91%
02/22/2024,4.331,4.323,4.354,4.295,0.28%
02/21/2024,4.319,4.283,4.331,4.25,1.02%
02/20/2024,4.275,4.317,4.319,4.244,-0.96%
02/19/2024,4.317,4.296,4.328,4.282,0.48%
02/18/2024,4.296,4.287,4.301,4.287,0.35%
02/16/2024,4.281,4.238,4.33,4.236,1.11%
02/15/2024,4.234,4.255,4.257,4.187,-0.64%
02/14/2024,4.261,4.328,4.332,4.246,-1.50%
02/13/2024,4.326,4.179,4.328,4.15,3.51%
02/12/2024,4.179,4.183,4.197,4.146,0.05%
02/09/2024,4.177,4.154,4.195,4.125,0.47%
02/08/2024,4.158,4.106,4.173,4.088,1.04%
02/07/2024,4.115,4.102,4.135,4.065,0.61%
02/06/2024,4.09,4.146,4.171,4.079,-1.71%
02/05/2024,4.162,4.054,4.177,4.049,3.43%
02/02/2024,4.024,3.876,4.054,3.873,3.65%
02/01/2024,3.882,3.931,3.958,3.816,-0.92%
01/31/2024,3.918,4.04,4.043,3.912,-2.92%
01/30/2024,4.036,4.078,4.103,4.034,-0.99%
01/29/2024,4.076,4.139,4.145,4.059,-1.53%
01/26/2024,4.139,4.113,4.166,4.093,0.46%
01/25/2024,4.12,4.184,4.195,4.12,-1.43%
01/24/2024,4.18,4.134,4.188,4.086,1.16%
01/23/2024,4.132,4.101,4.155,4.088,0.60%
01/22/2024,4.107,4.136,4.14,4.075,-0.56%
01/19/2024,4.13,4.152,4.198,4.123,-0.28%
01/18/2024,4.142,4.104,4.154,4.071,0.88%
01/17/2024,4.106,4.062,4.129,4.037,1.27%
01/16/2024,4.054,3.986,4.083,3.977,1.71%
01/15/2024,3.986,3.966,4.002,3.949,0.45%
01/14/2024,3.968,3.956,3.968,3.956,0.74%
01/12/2024,3.939,3.962,4.007,3.916,-0.91%
01/11/2024,3.975,4.028,4.068,3.968,-1.36%
01/10/2024,4.03,4.006,4.043,3.979,0.37%
01/09/2024,4.015,4.023,4.053,3.996,-0.29%
01/08/2024,4.027,4.061,4.068,3.966,-0.61%
01/05/2024,4.051,4.003,4.103,3.953,1.22%
01/04/2024,4.003,3.914,4.006,3.901,2.11%
01/03/2024,3.92,3.95,4.01,3.894,-0.53%
01/02/2024,3.941,3.899,4.023,3.881,1.09%
01/01/2024,3.898,3.879,3.898,3.866,0.83%
12/29/2023,3.866,3.844,3.898,3.832,0.52%
12/28/2023,3.846,3.8,3.861,3.796,1.51%
12/27/2023,3.789,3.9,3.904,3.783,-2.77%
12/26/2023,3.897,3.901,3.91,3.876,-0.15%
12/25/2023,3.902,3.905,3.906,3.902,0.05%
12/22/2023,3.901,3.888,3.921,3.849,0.23%
12/21/2023,3.892,3.864,3.905,3.829,1.01%
12/20/2023,3.853,3.924,3.924,3.847,-1.99%
12/19/2023,3.931,3.93,3.952,3.894,-0.10%
12/18/2023,3.935,3.931,3.971,3.89,0.52%
12/15/2023,3.915,3.93,3.973,3.894,-0.15%
12/14/2023,3.921,4.016,4.024,3.885,-2.56%
12/13/2023,4.024,4.202,4.21,4.007,-4.42%
12/12/2023,4.21,4.239,4.251,4.153,-0.63%
12/11/2023,4.237,4.241,4.295,4.229,0.18%
12/08/2023,4.229,4.153,4.278,4.147,1.97%
12/07/2023,4.148,4.11,4.186,4.104,0.83%
12/06/2023,4.114,4.173,4.205,4.104,-1.28%
12/05/2023,4.167,4.255,4.265,4.163,-2.16%
12/04/2023,4.259,4.22,4.299,4.22,1.18%
12/01/2023,4.209,4.321,4.349,4.198,-2.80%
11/30/2023,4.33,4.267,4.369,4.247,1.67%
11/29/2023,4.259,4.319,4.328,4.253,-1.51%
11/28/2023,4.325,4.402,4.422,4.321,-1.50%
11/27/2023,4.39,4.492,4.514,4.381,-1.83%
11/24/2023,4.472,4.451,4.494,4.443,0.44%
11/23/2023,4.453,4.405,4.464,4.391,1.02%
11/22/2023,4.408,4.394,4.447,4.363,0.22%
11/21/2023,4.398,4.414,4.443,4.383,-0.62%
11/20/2023,4.426,4.461,4.488,4.41,-0.31%
11/17/2023,4.439,4.439,4.469,4.379,-0.05%
11/16/2023,4.441,4.523,4.527,4.432,-2.11%
11/15/2023,4.537,4.445,4.559,4.426,1.89%
11/14/2023,4.453,4.644,4.656,4.432,-3.98%
11/13/2023,4.638,4.654,4.696,4.624,-0.17%
11/10/2023,4.646,4.64,4.654,4.567,0.30%
11/09/2023,4.632,4.484,4.654,4.473,3.11%
11/08/2023,4.492,4.579,4.614,4.488,-1.67%
11/07/2023,4.569,4.639,4.662,4.544,-1.69%
11/06/2023,4.647,4.589,4.668,4.576,1.54%
11/03/2023,4.576,4.662,4.678,4.484,-1.82%
11/02/2023,4.661,4.717,4.749,4.626,-1.54%
11/01/2023,4.734,4.926,4.935,4.734,-3.90%
10/31/2023,4.926,4.892,4.933,4.803,0.79%
10/30/2023,4.888,4.877,4.922,4.835,0.88%
10/27/2023,4.845,4.853,4.892,4.83,-0.07%
10/26/2023,4.849,4.949,4.989,4.838,-2.27%
10/25/2023,4.961,4.823,4.966,4.806,2.96%
10/24/2023,4.819,4.859,4.889,4.8,-0.61%
10/23/2023,4.848,4.958,5.021,4.829,-1.34%
10/20/2023,4.914,4.988,4.995,4.892,-1.53%
10/19/2023,4.99,4.938,4.996,4.894,1.61%
10/18/2023,4.911,4.838,4.928,4.811,1.54%
10/17/2023,4.836,4.714,4.862,4.704,2.90%
10/16/2023,4.7,4.648,4.725,4.643,1.80%
10/13/2023,4.616,4.695,4.697,4.586,-1.71%
10/12/2023,4.697,4.558,4.728,4.53,3.04%
10/11/2023,4.558,4.655,4.655,4.544,-2.12%
10/10/2023,4.657,4.628,4.715,4.618,0.63%
10/09/2023,4.628,4.725,4.759,4.622,-2.05%
10/08/2023,4.725,4.75,4.755,4.67,-1.45%
10/06/2023,4.795,4.725,4.887,4.713,1.57%
10/05/2023,4.721,4.733,4.777,4.702,-0.30%
10/04/2023,4.735,4.802,4.884,4.72,-1.26%
10/03/2023,4.795,4.679,4.81,4.664,2.37%
10/02/2023,4.685,4.614,4.703,4.602,2.30%
09/29/2023,4.579,4.579,4.602,4.508,0.00%
09/28/2023,4.579,4.605,4.688,4.571,-0.62%
09/27/2023,4.608,4.53,4.642,4.491,1.27%
09/26/2023,4.55,4.546,4.566,4.483,0.41%
09/25/2023,4.531,4.442,4.548,4.442,2.11%
09/22/2023,4.438,4.492,4.508,4.424,-1.25%
09/21/2023,4.494,4.409,4.498,4.409,2.16%
09/20/2023,4.399,4.365,4.411,4.313,0.78%
09/19/2023,4.365,4.306,4.371,4.301,1.44%
09/18/2023,4.303,4.306,4.311,4.301,-0.78%
09/15/2023,4.336,4.288,4.338,4.272,1.17%
09/14/2023,4.286,4.245,4.298,4.221,0.75%
09/13/2023,4.254,4.286,4.352,4.235,-0.60%
09/12/2023,4.28,4.298,4.3,4.264,-0.32%
09/11/2023,4.294,4.286,4.304,4.272,0.80%
09/08/2023,4.26,4.25,4.268,4.21,0.24%
09/07/2023,4.25,4.292,4.308,4.248,-1.06%
09/06/2023,4.296,4.254,4.306,4.238,0.70%
09/05/2023,4.266,4.208,4.274,4.204,1.41%
09/04/2023,4.206,4.187,4.213,4.186,0.46%
09/03/2023,4.187,4.191,4.196,4.186,0.15%
09/01/2023,4.181,4.114,4.2,4.06,1.82%
08/31/2023,4.106,4.114,4.124,4.077,-0.14%
08/30/2023,4.112,4.137,4.159,4.087,-0.19%
08/29/2023,4.12,4.194,4.243,4.106,-2.05%
08/28/2023,4.206,4.253,4.257,4.194,-0.60%
08/25/2023,4.231,4.231,4.285,4.204,-0.23%
08/24/2023,4.241,4.194,4.243,4.174,1.08%
08/23/2023,4.196,4.318,4.32,4.184,-3.14%
08/22/2023,4.332,4.354,4.366,4.306,-0.23%
08/21/2023,4.342,4.26,4.354,4.255,2.15%
08/18/2023,4.251,4.27,4.28,4.215,-0.78%
08/17/2023,4.284,4.252,4.328,4.252,0.60%
08/16/2023,4.258,4.211,4.28,4.17,0.94%
08/15/2023,4.219,4.199,4.274,4.166,0.42%
08/14/2023,4.201,4.172,4.215,4.146,1.03%
08/11/2023,4.158,4.123,4.178,4.08,1.23%
08/10/2023,4.107,4.009,4.113,3.957,2.27%
08/09/2023,4.016,4.012,4.044,3.988,-0.30%
08/08/2023,4.028,4.089,4.089,3.984,-1.67%
08/07/2023,4.097,4.05,4.123,4.046,1.36%
08/04/2023,4.042,4.179,4.206,4.038,-3.29%
08/03/2023,4.179,4.086,4.198,4.082,2.19%
08/02/2023,4.09,4.013,4.126,4.009,1.30%
08/01/2023,4.037,3.965,4.057,3.949,1.77%
07/31/2023,3.967,3.963,4.003,3.927,0.26%
07/28/2023,3.957,4.014,4.043,3.939,-1.14%
07/27/2023,4.002,3.877,4.024,3.839,3.34%
07/26/2023,3.873,3.898,3.904,3.847,-0.45%
07/25/2023,3.89,3.876,3.922,3.857,0.31%
07/24/2023,3.878,3.847,3.878,3.792,1.08%
07/21/2023,3.837,3.85,3.861,3.809,-0.50%
07/20/2023,3.856,3.754,3.874,3.746,2.88%
07/19/2023,3.748,3.789,3.797,3.727,-1.08%
07/18/2023,3.789,3.805,3.809,3.734,-0.51%
07/17/2023,3.809,3.815,3.836,3.772,-0.56%
07/14/2023,3.83,3.777,3.836,3.76,1.67%
07/13/2023,3.767,3.859,3.865,3.757,-2.43%
07/12/2023,3.861,3.962,3.97,3.844,-2.93%
07/11/2023,3.978,4,4.008,3.95,-0.55%
07/10/2023,4,4.062,4.092,3.986,-1.62%
07/07/2023,4.066,4.031,4.094,4.006,0.86%
07/06/2023,4.031,3.938,4.083,3.93,2.48%
07/05/2023,3.934,3.841,3.947,3.831,2.47%
07/04/2023,3.839,3.854,3.878,3.839,-0.51%
07/03/2023,3.858,3.845,3.868,3.778,0.46%
06/30/2023,3.841,3.838,3.892,3.803,-0.04%
06/29/2023,3.842,3.714,3.868,3.712,3.46%
06/28/2023,3.714,3.762,3.77,3.704,-1.54%
06/27/2023,3.772,3.719,3.776,3.692,1.31%
06/26/2023,3.723,3.721,3.737,3.679,-0.36%
06/23/2023,3.737,3.787,3.799,3.692,-1.58%
06/22/2023,3.797,3.727,3.81,3.711,1.88%
06/21/2023,3.727,3.732,3.791,3.711,0.21%
06/20/2023,3.719,3.824,3.826,3.701,-2.69%
06/19/2023,3.822,3.76,3.826,3.75,1.45%
06/16/2023,3.767,3.718,3.806,3.717,1.26%
06/15/2023,3.72,3.79,3.845,3.707,-1.84%
06/14/2023,3.79,3.821,3.851,3.771,-0.96%
06/13/2023,3.827,3.74,3.845,3.682,2.23%
06/12/2023,3.743,3.745,3.794,3.711,0.00%
06/09/2023,3.743,3.724,3.78,3.716,0.68%
06/08/2023,3.718,3.789,3.821,3.708,-1.99%
06/07/2023,3.793,3.668,3.801,3.656,3.15%
06/06/2023,3.677,3.685,3.735,3.654,-0.31%
06/05/2023,3.689,3.706,3.762,3.658,-0.26%
06/02/2023,3.698,3.606,3.7,3.599,2.71%
06/01/2023,3.601,3.639,3.689,3.57,-1.25%
05/31/2023,3.646,3.694,3.694,3.614,-1.29%
05/30/2023,3.694,3.765,3.769,3.681,-1.85%
05/29/2023,3.764,3.821,3.827,3.757,-1.44%
05/28/2023,3.819,3.817,3.845,3.809,0.24%
05/26/2023,3.81,3.817,3.859,3.777,-0.35%
05/25/2023,3.823,3.74,3.827,3.73,2.12%
05/24/2023,3.744,3.701,3.748,3.667,1.25%
05/23/2023,3.698,3.717,3.761,3.688,-0.57%
05/22/2023,3.719,3.669,3.728,3.642,0.99%
05/19/2023,3.682,3.649,3.72,3.619,0.84%
05/18/2023,3.651,3.562,3.659,3.547,2.23%
05/17/2023,3.572,3.547,3.589,3.515,0.85%
05/16/2023,3.541,3.507,3.573,3.457,0.97%
05/15/2023,3.507,3.464,3.511,3.457,1.30%
05/12/2023,3.463,3.382,3.47,3.369,2.26%
05/11/2023,3.386,3.436,3.444,3.345,-1.53%
05/10/2023,3.439,3.519,3.528,3.431,-2.37%
05/09/2023,3.522,3.515,3.532,3.479,0.43%
05/08/2023,3.507,3.448,3.52,3.422,2.10%
05/05/2023,3.435,3.386,3.465,3.379,1.73%
05/04/2023,3.377,3.403,3.411,3.296,0.39%
05/03/2023,3.364,3.431,3.441,3.341,-2.03%
05/02/2023,3.433,3.566,3.57,3.424,-3.83%
05/01/2023,3.57,3.45,3.608,3.448,3.98%
04/28/2023,3.433,3.522,3.551,3.422,-2.69%
04/27/2023,3.528,3.443,3.538,3.433,2.42%
04/26/2023,3.445,3.418,3.458,3.375,1.33%
04/25/2023,3.4,3.481,3.492,3.379,-2.75%
04/24/2023,3.496,3.572,3.572,3.492,-2.02%
04/21/2023,3.568,3.534,3.579,3.501,0.92%
04/20/2023,3.536,3.591,3.602,3.526,-1.54%
04/19/2023,3.591,3.589,3.639,3.578,0.37%
04/18/2023,3.578,3.6,3.608,3.549,-0.79%
04/17/2023,3.606,3.53,3.608,3.507,2.60%
04/14/2023,3.515,3.447,3.537,3.422,1.91%
04/13/2023,3.449,3.389,3.46,3.372,1.44%
04/12/2023,3.4,3.428,3.462,3.34,-0.93%
04/11/2023,3.432,3.419,3.456,3.381,0.49%
04/10/2023,3.415,3.372,3.436,3.35,0.05%
04/07/2023,3.413,3.305,3.415,3.298,3.33%
04/06/2023,3.303,3.307,3.313,3.253,-0.17%
04/05/2023,3.309,3.348,3.372,3.266,-0.89%
04/04/2023,3.339,3.417,3.485,3.335,-2.24%
04/03/2023,3.415,3.524,3.545,3.4,-1.68%
03/31/2023,3.473,3.553,3.585,3.47,-2.08%
03/30/2023,3.547,3.57,3.596,3.534,-0.53%
03/29/2023,3.566,3.573,3.611,3.534,-0.16%
03/28/2023,3.572,3.53,3.577,3.498,0.91%
03/27/2023,3.539,3.4,3.545,3.367,4.95%
03/24/2023,3.372,3.417,3.425,3.285,-1.20%
03/23/2023,3.414,3.451,3.52,3.374,-1.08%
03/22/2023,3.451,3.606,3.644,3.43,-4.34%
03/21/2023,3.608,3.496,3.613,3.44,3.58%
03/20/2023,3.483,3.468,3.519,3.291,1.31%
03/17/2023,3.438,3.568,3.598,3.382,-3.94%
03/16/2023,3.579,3.451,3.586,3.369,3.37%
03/15/2023,3.462,3.697,3.71,3.388,-6.05%
03/14/2023,3.685,3.562,3.697,3.464,3.96%
03/13/2023,3.545,3.75,3.762,3.418,-4.31%
03/10/2023,3.704,3.901,3.901,3.674,-5.19%
03/09/2023,3.907,3.98,4.019,3.894,-2.06%
03/08/2023,3.989,3.981,4.011,3.899,0.50%
03/07/2023,3.97,3.967,4.007,3.919,0.15%
03/06/2023,3.964,3.965,3.989,3.897,0.15%
03/03/2023,3.958,4.068,4.069,3.954,-2.56%
03/02/2023,4.062,3.994,4.091,3.99,1.68%
03/01/2023,3.994,3.938,4.01,3.914,1.70%
02/28/2023,3.928,3.924,3.983,3.899,0.15%
02/27/2023,3.922,3.934,3.978,3.897,-0.64%
02/24/2023,3.947,3.885,3.978,3.854,1.46%
02/23/2023,3.89,3.921,3.978,3.863,-0.94%
02/22/2023,3.927,3.957,3.968,3.89,-0.69%
02/21/2023,3.954,3.851,3.962,3.84,2.68%
02/20/2023,3.851,3.849,3.851,3.849,0.91%
02/17/2023,3.817,3.863,3.929,3.813,-1.19%
02/16/2023,3.863,3.818,3.872,3.769,1.58%
02/15/2023,3.803,3.745,3.822,3.726,1.33%
02/14/2023,3.753,3.711,3.799,3.622,1.34%
02/13/2023,3.704,3.743,3.755,3.702,-1.07%
02/10/2023,3.743,3.675,3.751,3.658,2.18%
02/09/2023,3.664,3.601,3.69,3.575,1.33%
02/08/2023,3.615,3.672,3.692,3.614,-1.73%
02/07/2023,3.679,3.644,3.69,3.597,0.98%
02/06/2023,3.644,3.562,3.655,3.536,3.54%
02/03/2023,3.519,3.391,3.556,3.365,3.45%
02/02/2023,3.402,3.422,3.426,3.333,-0.43%
02/01/2023,3.417,3.516,3.52,3.387,-2.67%
01/31/2023,3.51,3.546,3.553,3.487,-0.89%
01/30/2023,3.542,3.511,3.574,3.494,1.00%
01/27/2023,3.507,3.506,3.565,3.502,0.04%
01/26/2023,3.506,3.442,3.52,3.436,1.59%
01/25/2023,3.451,3.449,3.489,3.42,-0.11%
01/24/2023,3.455,3.513,3.556,3.453,-1.88%
01/23/2023,3.521,3.486,3.549,3.464,1.11%
01/20/2023,3.482,3.399,3.501,3.39,2.46%
01/19/2023,3.399,3.379,3.428,3.321,0.75%
01/18/2023,3.373,3.546,3.562,3.368,-4.96%
01/17/2023,3.549,3.527,3.585,3.496,0.57%
01/16/2023,3.529,3.524,3.529,3.524,0.89%
01/13/2023,3.498,3.447,3.514,3.418,1.58%
01/12/2023,3.444,3.552,3.591,3.424,-2.80%
01/11/2023,3.543,3.608,3.613,3.528,-2.00%
01/10/2023,3.615,3.534,3.639,3.521,2.51%
01/09/2023,3.527,3.578,3.61,3.508,-0.94%
01/06/2023,3.56,3.727,3.755,3.551,-4.35%
01/05/2023,3.722,3.698,3.784,3.683,0.86%
01/04/2023,3.69,3.758,3.763,3.664,-1.65%
01/03/2023,3.752,3.848,3.848,3.724,-3.26%
01/02/2023,3.879,3.879,3.879,3.879,0.00%
12/30/2022,3.879,3.826,3.905,3.82,1.53%
12/29/2022,3.82,3.873,3.886,3.816,-1.71%
12/28/2022,3.886,3.847,3.892,3.805,0.98%
12/27/2022,3.849,3.745,3.862,3.727,2.81%
12/26/2022,3.743,3.745,3.745,3.743,-0.20%
12/23/2022,3.751,3.682,3.753,3.676,1.76%
12/22/2022,3.686,3.666,3.692,3.628,0.35%
12/21/2022,3.673,3.705,3.722,3.621,-0.51%
12/20/2022,3.692,3.596,3.711,3.583,2.83%
12/19/2022,3.59,3.51,3.601,3.497,2.94%
12/16/2022,3.488,3.464,3.557,3.459,1.09%
12/15/2022,3.45,3.497,3.523,3.428,-0.84%
12/14/2022,3.479,3.499,3.561,3.461,-0.63%
12/13/2022,3.501,3.608,3.63,3.421,-3.20%
12/12/2022,3.617,3.586,3.632,3.52,0.87%
12/09/2022,3.586,3.489,3.595,3.452,2.76%
12/08/2022,3.489,3.435,3.506,3.435,2.01%
12/07/2022,3.421,3.542,3.559,3.402,-3.14%
12/06/2022,3.531,3.586,3.606,3.508,-1.43%
12/05/2022,3.583,3.519,3.612,3.502,2.61%
12/02/2022,3.492,3.514,3.638,3.474,-0.53%
12/01/2022,3.51,3.62,3.64,3.505,-2.79%
11/30/2022,3.611,3.748,3.798,3.6,-3.70%
11/29/2022,3.75,3.692,3.763,3.648,1.91%
11/28/2022,3.679,3.692,3.72,3.62,-0.30%
11/25/2022,3.691,3.661,3.756,3.65,0.80%
11/24/2022,3.661,3.659,3.661,3.659,-0.75%
11/23/2022,3.689,3.829,3.799,3.689,-1.83%
11/22/2022,3.758,3.832,3.832,3.747,-2.14%
11/21/2022,3.84,3.816,3.844,3.762,0.29%
11/18/2022,3.829,3.788,3.833,3.745,1.58%
11/17/2022,3.769,3.694,3.805,3.681,2.15%
11/16/2022,3.69,3.777,3.844,3.671,-2.31%
11/15/2022,3.777,3.867,3.882,3.757,-2.23%
11/14/2022,3.863,3.895,3.906,3.848,1.38%
11/10/2022,3.811,4.092,4.117,3.807,-7.03%
11/09/2022,4.099,4.13,4.176,4.057,-0.70%
11/08/2022,4.128,4.224,4.243,4.121,-2.14%
11/07/2022,4.218,4.161,4.226,4.123,1.32%
11/04/2022,4.163,4.164,4.209,4.102,0.33%
11/03/2022,4.149,4.118,4.223,4.086,1.29%
11/02/2022,4.096,4.048,4.115,3.974,1.19%
11/01/2022,4.048,4.058,4.079,3.92,-0.04%
10/31/2022,4.05,4.016,4.112,4.016,0.99%
10/28/2022,4.01,3.929,4.05,3.911,2.12%
10/27/2022,3.927,4.011,4.086,3.898,-2.00%
10/26/2022,4.007,4.09,4.113,3.994,-2.27%
10/25/2022,4.1,4.226,4.232,4.052,-3.45%
10/24/2022,4.247,4.206,4.291,4.127,0.66%
10/21/2022,4.219,4.226,4.338,4.2,-0.32%
10/20/2022,4.233,4.142,4.243,4.098,2.29%
10/19/2022,4.138,4.013,4.14,4.009,3.27%
10/18/2022,4.007,3.998,4.067,3.961,-0.15%
10/17/2022,4.012,4.002,4.027,3.91,-0.25%
10/14/2022,4.023,3.964,4.031,3.851,1.85%
10/13/2022,3.95,3.906,4.08,3.842,1.21%
10/12/2022,3.902,3.951,3.978,3.884,-1.08%
10/11/2022,3.945,3.957,4.006,3.867,-0.25%
10/10/2022,3.955,3.951,3.957,3.951,1.73%
10/07/2022,3.888,3.819,3.91,3.818,1.56%
10/06/2022,3.828,3.749,3.846,3.731,1.94%
10/05/2022,3.755,3.625,3.789,3.615,3.30%
10/04/2022,3.635,3.615,3.659,3.562,-0.21%
10/03/2022,3.643,3.813,3.819,3.568,-4.86%
09/30/2022,3.829,3.783,3.843,3.682,1.25%
09/29/2022,3.782,3.753,3.868,3.721,1.19%
09/28/2022,3.737,3.947,4.019,3.695,-5.37%
09/27/2022,3.949,3.912,3.992,3.801,0.53%
09/26/2022,3.928,3.734,3.933,3.714,6.56%
09/23/2022,3.687,3.714,3.829,3.659,-0.63%
09/22/2022,3.71,3.546,3.718,3.514,4.98%
09/21/2022,3.534,3.563,3.64,3.499,-0.98%
09/20/2022,3.569,3.492,3.604,3.473,2.13%
09/19/2022,3.494,3.448,3.518,3.448,1.13%
09/16/2022,3.455,3.447,3.492,3.415,0.19%
09/15/2022,3.449,3.402,3.468,3.402,1.31%
09/14/2022,3.404,3.418,3.476,3.383,-0.22%
09/13/2022,3.412,3.346,3.46,3.293,1.61%
09/12/2022,3.358,3.315,3.377,3.262,1.28%
09/09/2022,3.315,3.319,3.333,3.247,-0.22%
09/08/2022,3.323,3.271,3.328,3.201,1.70%
09/07/2022,3.267,3.343,3.365,3.25,-2.50%
09/06/2022,3.351,3.223,3.355,3.208,3.96%
09/05/2022,3.223,3.227,3.227,3.221,0.89%
09/02/2022,3.195,3.265,3.29,3.174,-1.96%
09/01/2022,3.259,3.198,3.297,3.183,1.96%
08/31/2022,3.196,3.108,3.198,3.091,2.72%
08/30/2022,3.112,3.097,3.153,3.05,-0.06%
08/29/2022,3.114,3.069,3.13,3.069,2.77%
08/26/2022,3.03,3.035,3.087,3.007,-0.06%
08/25/2022,3.031,3.109,3.128,3.02,-2.51%
08/24/2022,3.109,3.055,3.126,3.022,1.71%
08/23/2022,3.057,3.026,3.078,2.983,1.10%
08/22/2022,3.024,2.989,3.04,2.943,1.61%
08/19/2022,2.976,2.875,2.998,2.875,3.12%
08/18/2022,2.886,2.899,2.913,2.835,-0.56%
08/17/2022,2.902,2.82,2.919,2.808,3.37%
08/16/2022,2.808,2.779,2.873,2.772,0.52%
08/15/2022,2.793,2.839,2.864,2.759,-1.72%
08/12/2022,2.842,2.888,2.906,2.835,-1.64%
08/11/2022,2.889,2.791,2.902,2.73,3.76%
08/10/2022,2.785,2.788,2.818,2.674,0.20%
08/09/2022,2.779,2.75,2.816,2.746,1.06%
08/08/2022,2.75,2.834,2.853,2.739,-2.72%
08/05/2022,2.827,2.677,2.869,2.674,4.94%
08/04/2022,2.694,2.717,2.745,2.656,-0.47%
08/03/2022,2.706,2.745,2.851,2.699,-1.52%
08/02/2022,2.748,2.568,2.774,2.516,6.21%
08/01/2022,2.588,2.669,2.696,2.575,-2.64%
07/29/2022,2.658,2.678,2.728,2.618,-0.48%
07/28/2022,2.671,2.759,2.827,2.649,-4.11%
07/27/2022,2.785,2.801,2.82,2.723,-0.65%
07/26/2022,2.803,2.801,2.81,2.707,-0.13%
07/25/2022,2.807,2.783,2.845,2.772,1.92%
07/22/2022,2.754,2.878,2.904,2.732,-4.44%
07/21/2022,2.882,3.021,3.083,2.871,-4.89%
07/20/2022,3.03,3.028,3.042,2.943,0.06%
07/19/2022,3.028,2.986,3.038,2.956,1.31%
07/18/2022,2.989,2.919,3.019,2.911,2.09%
07/15/2022,2.928,2.956,2.973,2.899,-1.00%
07/14/2022,2.958,2.941,3.028,2.911,0.75%
07/13/2022,2.935,2.965,3.071,2.899,-1.18%
07/12/2022,2.971,2.989,2.989,2.899,-0.74%
07/11/2022,2.993,3.097,3.103,2.967,-2.84%
07/08/2022,3.08,3,3.101,2.967,2.67%
07/07/2022,3,2.932,3.017,2.897,2.27%
07/06/2022,2.934,2.825,2.935,2.746,4.09%
07/05/2022,2.818,2.93,2.978,2.78,-3.87%
07/04/2022,2.932,2.93,2.934,2.93,1.46%
07/01/2022,2.889,3.024,3.028,2.791,-4.22%
06/30/2022,3.017,3.078,3.108,2.97,-2.29%
06/29/2022,3.087,3.179,3.187,3.087,-2.83%
06/28/2022,3.177,3.202,3.259,3.171,-0.76%
06/27/2022,3.202,3.134,3.219,3.121,2.04%
06/24/2022,3.138,3.079,3.141,3.039,1.58%
06/23/2022,3.089,3.152,3.175,3.005,-2.25%
06/22/2022,3.16,3.284,3.284,3.124,-3.62%
06/21/2022,3.279,3.275,3.317,3.258,0.06%
06/20/2022,3.277,3.277,3.277,3.277,1.41%
06/17/2022,3.231,3.227,3.313,3.194,1.13%
06/16/2022,3.195,3.303,3.495,3.178,-2.93%
06/15/2022,3.292,3.448,3.464,3.28,-5.39%
06/14/2022,3.479,3.379,3.498,3.267,3.49%
06/13/2022,3.362,3.172,3.44,3.155,6.22%
06/10/2022,3.165,3.055,3.178,2.99,3.92%
06/09/2022,3.046,3.034,3.073,3.007,0.61%
06/08/2022,3.027,2.986,3.042,2.983,1.61%
06/07/2022,2.979,3.044,3.064,2.957,-2.00%
06/06/2022,3.04,2.935,3.049,2.933,3.38%
06/03/2022,2.941,2.915,2.986,2.906,0.94%
06/02/2022,2.913,2.911,2.944,2.889,0.06%
06/01/2022,2.911,2.864,2.951,2.833,2.17%
05/31/2022,2.849,2.81,2.884,2.799,1.35%
05/30/2022,2.812,2.815,2.815,2.812,2.49%
05/27/2022,2.743,2.752,2.769,2.709,0.06%
05/26/2022,2.742,2.743,2.797,2.706,-0.33%
05/25/2022,2.751,2.756,2.776,2.708,-0.13%
05/24/2022,2.754,2.844,2.864,2.718,-3.72%
05/23/2022,2.861,2.806,2.873,2.797,2.59%
05/20/2022,2.788,2.848,2.88,2.774,-1.72%
05/19/2022,2.837,2.864,2.922,2.772,-1.63%
05/18/2022,2.884,2.988,3.015,2.873,-3.71%
05/17/2022,2.995,2.886,2.997,2.875,3.79%
05/16/2022,2.886,2.94,2.953,2.853,-1.43%
05/13/2022,2.928,2.862,2.944,2.852,2.54%
05/12/2022,2.855,2.911,2.911,2.816,-2.38%
05/11/2022,2.925,2.991,3.076,2.907,-2.15%
05/10/2022,2.989,3.034,3.072,2.942,-1.48%
05/09/2022,3.034,3.142,3.203,3.028,-3.46%
05/06/2022,3.142,3.052,3.146,3.039,3.55%
05/05/2022,3.035,2.964,3.108,2.925,3.00%
05/04/2022,2.946,3.001,3.011,2.901,-1.10%
05/03/2022,2.979,2.991,3.01,2.913,0.07%
05/02/2022,2.977,2.932,3.01,2.907,1.34%
04/29/2022,2.938,2.854,2.943,2.831,3.72%
04/28/2022,2.832,2.834,2.888,2.796,0.22%
04/27/2022,2.826,2.74,2.839,2.715,3.59%
04/26/2022,2.728,2.818,2.866,2.724,-3.19%
04/25/2022,2.818,2.889,2.895,2.76,-2.98%
04/22/2022,2.905,2.929,2.974,2.864,-0.11%
04/21/2022,2.908,2.836,2.954,2.836,2.60%
04/20/2022,2.834,2.96,2.981,2.819,-3.61%
04/19/2022,2.94,2.849,2.948,2.836,2.92%
04/18/2022,2.857,2.847,2.884,2.81,1.03%
04/14/2022,2.828,2.699,2.835,2.648,4.63%
04/13/2022,2.703,2.727,2.79,2.646,-0.90%
04/12/2022,2.727,2.803,2.836,2.674,-1.70%
04/11/2022,2.774,2.723,2.793,2.711,2.61%
04/08/2022,2.704,2.647,2.73,2.624,1.44%
04/07/2022,2.665,2.594,2.673,2.555,2.61%
04/06/2022,2.598,2.566,2.659,2.566,1.69%
04/05/2022,2.554,2.393,2.567,2.384,6.73%
04/04/2022,2.393,2.408,2.434,2.369,0.16%
04/01/2022,2.389,2.352,2.456,2.352,1.89%
03/31/2022,2.345,2.345,2.365,2.309,-0.54%
03/30/2022,2.358,2.4,2.435,2.334,-1.67%
03/29/2022,2.398,2.442,2.535,2.38,-2.75%
03/28/2022,2.466,2.473,2.557,2.414,-0.88%
03/25/2022,2.488,2.372,2.503,2.339,4.98%
03/24/2022,2.37,2.306,2.397,2.304,3.50%
03/23/2022,2.29,2.392,2.417,2.286,-3.82%
03/22/2022,2.381,2.293,2.392,2.293,3.65%
03/21/2022,2.297,2.149,2.32,2.148,6.68%
03/18/2022,2.153,2.158,2.19,2.133,-0.65%
03/17/2022,2.167,2.185,2.214,2.106,-1.14%
03/16/2022,2.192,2.149,2.246,2.135,2.00%
03/15/2022,2.149,2.135,2.169,2.078,0.34%
03/14/2022,2.142,2.034,2.147,2.025,7.26%
03/11/2022,1.997,1.99,2.022,1.96,0.18%
03/10/2022,1.993,1.951,2.021,1.911,2.15%
03/09/2022,1.951,1.865,1.957,1.837,6.03%
03/08/2022,1.84,1.773,1.878,1.758,3.58%
03/07/2022,1.777,1.683,1.806,1.668,2.26%
03/04/2022,1.737,1.854,1.854,1.698,-5.60%
03/03/2022,1.84,1.852,1.897,1.83,-2.02%
03/02/2022,1.878,1.741,1.91,1.7,9.49%
03/01/2022,1.716,1.84,1.866,1.682,-5.82%
02/28/2022,1.822,1.892,1.927,1.816,-7.55%
02/25/2022,1.97,1.972,2.016,1.934,0.00%
02/24/2022,1.97,1.97,1.981,1.846,-1.40%
02/23/2022,1.998,1.949,2,1.949,2.78%
02/22/2022,1.944,1.875,1.96,1.846,3.78%
02/21/2022,1.873,1.868,1.873,1.868,-2.78%
02/18/2022,1.927,1.954,1.995,1.916,-2.11%
02/17/2022,1.968,2.024,2.035,1.953,-3.51%
02/16/2022,2.04,2.04,2.065,2.007,-0.17%
02/15/2022,2.043,1.984,2.056,1.968,2.90%
02/14/2022,1.986,1.967,2.026,1.903,3.53%
02/11/2022,1.918,2.033,2.063,1.913,-6.13%
02/10/2022,2.043,1.939,2.056,1.923,5.04%
02/09/2022,1.945,1.954,1.958,1.909,-1.01%
02/08/2022,1.965,1.921,1.97,1.921,2.37%
02/07/2022,1.919,1.908,1.939,1.896,0.20%
02/04/2022,1.916,1.834,1.936,1.809,4.34%
02/03/2022,1.836,1.759,1.847,1.757,3.64%
02/02/2022,1.771,1.798,1.811,1.743,-1.29%
02/01/2022,1.795,1.787,1.82,1.739,0.61%
01/31/2022,1.784,1.789,1.816,1.77,0.30%
01/28/2022,1.778,1.808,1.854,1.771,-1.36%
01/27/2022,1.803,1.851,1.862,1.782,-3.72%
01/26/2022,1.873,1.778,1.88,1.765,5.44%
01/25/2022,1.776,1.769,1.797,1.728,0.00%
01/24/2022,1.776,1.772,1.785,1.707,0.31%
01/21/2022,1.77,1.791,1.801,1.733,-2.24%
01/20/2022,1.811,1.863,1.87,1.804,-2.31%
01/19/2022,1.854,1.873,1.902,1.822,-1.14%
01/18/2022,1.875,1.807,1.881,1.807,3.67%
01/17/2022,1.809,1.813,1.813,1.809,0.89%
01/14/2022,1.793,1.72,1.795,1.706,5.43%
01/13/2022,1.701,1.748,1.76,1.694,-2.92%
01/12/2022,1.752,1.743,1.753,1.711,0.31%
01/11/2022,1.746,1.769,1.785,1.737,-0.50%
01/10/2022,1.755,1.767,1.808,1.75,-0.59%
01/07/2022,1.765,1.725,1.801,1.711,2.16%
01/06/2022,1.728,1.7,1.753,1.686,1.66%
01/05/2022,1.7,1.656,1.712,1.64,3.09%
01/04/2022,1.649,1.617,1.686,1.614,0.75%
01/03/2022,1.637,1.531,1.642,1.529,8.26%
12/31/2021,1.512,1.512,1.526,1.491,0.35%
12/30/2021,1.507,1.551,1.553,1.501,-3.21%
12/29/2021,1.556,1.477,1.56,1.47,4.87%
12/28/2021,1.484,1.479,1.491,1.455,0.47%
12/27/2021,1.477,1.486,1.498,1.476,-1.03%
12/23/2021,1.493,1.457,1.501,1.452,2.71%
12/22/2021,1.453,1.45,1.486,1.448,-0.93%
12/21/2021,1.467,1.421,1.498,1.414,2.75%
12/20/2021,1.428,1.375,1.429,1.353,1.45%
12/17/2021,1.407,1.424,1.434,1.372,-1.19%
12/16/2021,1.424,1.462,1.482,1.412,-2.34%
12/15/2021,1.458,1.443,1.484,1.424,1.19%
12/14/2021,1.441,1.426,1.472,1.419,1.92%
12/13/2021,1.414,1.494,1.508,1.412,-4.60%
12/10/2021,1.482,1.501,1.52,1.451,-1.02%
12/09/2021,1.497,1.521,1.535,1.472,-2.02%
12/08/2021,1.528,1.472,1.537,1.427,3.12%
12/07/2021,1.482,1.429,1.487,1.427,3.45%
12/06/2021,1.433,1.378,1.443,1.37,5.61%
12/03/2021,1.356,1.431,1.472,1.335,-6.09%
12/02/2021,1.444,1.421,1.466,1.409,2.89%
12/01/2021,1.404,1.477,1.506,1.402,-3.61%
11/30/2021,1.456,1.511,1.524,1.412,-3.06%
11/29/2021,1.502,1.531,1.565,1.497,1.38%
11/26/2021,1.482,1.598,1.601,1.473,-7.18%
11/25/2021,1.596,1.601,1.603,1.596,-2.83%
11/24/2021,1.643,1.665,1.693,1.627,-1.96%
11/23/2021,1.676,1.624,1.684,1.615,2.65%
11/22/2021,1.632,1.56,1.634,1.546,5.45%
11/19/2021,1.548,1.587,1.608,1.515,-2.48%
11/18/2021,1.587,1.599,1.613,1.574,0.11%
11/17/2021,1.585,1.644,1.649,1.584,-3.35%
11/16/2021,1.64,1.618,1.646,1.594,1.38%
11/15/2021,1.618,1.575,1.632,1.541,3.06%
11/12/2021,1.57,1.577,1.589,1.541,-0.54%
11/11/2021,1.578,1.585,1.585,1.578,0.54%
11/10/2021,1.57,1.463,1.592,1.454,9.07%
11/09/2021,1.439,1.49,1.49,1.415,-3.61%
11/08/2021,1.493,1.464,1.504,1.46,2.64%
11/05/2021,1.455,1.545,1.552,1.436,-4.90%
11/04/2021,1.53,1.593,1.609,1.509,-4.60%
11/03/2021,1.603,1.554,1.609,1.519,3.65%
11/02/2021,1.547,1.568,1.573,1.528,-0.90%
11/01/2021,1.561,1.575,1.605,1.554,0.00%
10/29/2021,1.561,1.568,1.619,1.536,-1.10%
10/28/2021,1.578,1.541,1.584,1.53,1.81%
10/27/2021,1.55,1.617,1.634,1.52,-3.70%
10/26/2021,1.61,1.636,1.654,1.609,-1.40%
10/25/2021,1.633,1.648,1.673,1.62,-0.32%
10/22/2021,1.638,1.692,1.699,1.634,-3.43%
10/21/2021,1.696,1.665,1.705,1.638,2.14%
10/20/2021,1.66,1.658,1.673,1.62,1.19%
10/19/2021,1.641,1.591,1.646,1.566,3.10%
10/18/2021,1.591,1.589,1.627,1.576,1.12%
10/15/2021,1.574,1.519,1.579,1.518,3.81%
10/14/2021,1.516,1.547,1.566,1.507,-1.69%
10/13/2021,1.542,1.572,1.602,1.526,-1.88%
10/12/2021,1.572,1.629,1.631,1.565,-3.44%
10/11/2021,1.628,1.622,1.628,1.622,0.98%
10/08/2021,1.612,1.585,1.617,1.558,2.25%
10/07/2021,1.576,1.531,1.58,1.512,3.19%
10/06/2021,1.528,1.536,1.573,1.508,0.00%
10/05/2021,1.528,1.486,1.54,1.472,3.17%
10/04/2021,1.481,1.46,1.508,1.453,1.06%
10/01/2021,1.465,1.501,1.51,1.462,-1.84%
09/30/2021,1.492,1.51,1.557,1.484,-2.04%
09/29/2021,1.524,1.55,1.56,1.494,-1.46%
09/28/2021,1.546,1.484,1.567,1.475,3.72%
09/27/2021,1.491,1.465,1.516,1.442,2.62%
09/24/2021,1.453,1.428,1.466,1.405,1.21%
09/23/2021,1.435,1.309,1.437,1.309,10.07%
09/22/2021,1.304,1.316,1.345,1.296,-1.79%
09/21/2021,1.328,1.311,1.346,1.304,1.17%
09/20/2021,1.312,1.362,1.372,1.297,-3.73%
09/17/2021,1.363,1.339,1.385,1.326,2.04%
09/16/2021,1.336,1.304,1.351,1.294,2.47%
09/15/2021,1.304,1.287,1.321,1.26,1.58%
09/14/2021,1.284,1.326,1.35,1.263,-3.19%
09/13/2021,1.326,1.343,1.35,1.316,-1.26%
09/10/2021,1.343,1.304,1.355,1.3,3.52%
09/09/2021,1.297,1.338,1.346,1.287,-2.90%
09/08/2021,1.336,1.368,1.377,1.327,-2.96%
09/07/2021,1.377,1.336,1.385,1.336,3.05%
09/06/2021,1.336,1.334,1.336,1.334,0.77%
09/03/2021,1.326,1.292,1.336,1.267,3.15%
09/02/2021,1.285,1.304,1.305,1.283,-1.04%
09/01/2021,1.299,1.317,1.334,1.283,-0.64%
08/31/2021,1.307,1.28,1.316,1.27,2.10%
08/30/2021,1.28,1.307,1.316,1.278,-2.30%
08/27/2021,1.31,1.347,1.359,1.3,-3.23%
08/26/2021,1.354,1.344,1.375,1.332,0.38%
08/25/2021,1.349,1.295,1.352,1.283,4.02%
08/24/2021,1.297,1.257,1.299,1.257,3.48%
08/23/2021,1.253,1.26,1.283,1.252,-0.14%
08/20/2021,1.255,1.243,1.267,1.227,0.94%
08/19/2021,1.243,1.263,1.267,1.22,-1.33%
08/18/2021,1.26,1.26,1.3,1.255,-0.53%
08/17/2021,1.267,1.263,1.273,1.217,-0.13%
08/16/2021,1.268,1.285,1.285,1.223,-1.17%
08/13/2021,1.283,1.357,1.364,1.28,-5.68%
08/12/2021,1.361,1.345,1.379,1.334,1.89%
08/11/2021,1.335,1.357,1.378,1.302,-1.38%
08/10/2021,1.354,1.322,1.357,1.307,2.17%
08/09/2021,1.325,1.297,1.331,1.268,1.54%
08/06/2021,1.305,1.227,1.305,1.225,6.54%
08/05/2021,1.225,1.19,1.229,1.169,3.80%
08/04/2021,1.18,1.177,1.215,1.127,0.56%
08/03/2021,1.174,1.181,1.2,1.154,-0.43%
08/02/2021,1.179,1.237,1.245,1.151,-3.81%
07/30/2021,1.226,1.263,1.264,1.224,-3.18%
07/29/2021,1.266,1.239,1.284,1.231,2.28%
07/28/2021,1.238,1.243,1.278,1.226,-0.14%
07/27/2021,1.239,1.29,1.29,1.229,-4.26%
07/26/2021,1.295,1.283,1.296,1.221,1.04%
07/23/2021,1.281,1.268,1.311,1.268,0.37%
07/22/2021,1.277,1.288,1.317,1.233,-1.17%
07/21/2021,1.292,1.227,1.303,1.194,5.72%
07/20/2021,1.222,1.209,1.225,1.128,1.93%
07/19/2021,1.199,1.27,1.29,1.174,-7.81%
07/16/2021,1.3,1.302,1.336,1.292,0.00%
07/15/2021,1.301,1.346,1.349,1.292,-3.60%
07/14/2021,1.349,1.415,1.423,1.347,-4.87%
07/13/2021,1.418,1.366,1.422,1.343,3.69%
07/12/2021,1.368,1.361,1.376,1.326,0.48%
07/09/2021,1.361,1.306,1.363,1.306,5.15%
07/08/2021,1.294,1.32,1.321,1.25,-2.15%
07/07/2021,1.323,1.357,1.368,1.296,-2.12%
07/06/2021,1.352,1.439,1.449,1.348,-5.86%
07/05/2021,1.436,1.437,1.437,1.436,0.35%
07/02/2021,1.431,1.468,1.471,1.426,-1.98%
07/01/2021,1.459,1.47,1.485,1.454,-0.58%
06/30/2021,1.468,1.477,1.485,1.438,-0.46%
06/29/2021,1.475,1.483,1.51,1.471,-0.46%
06/28/2021,1.482,1.528,1.534,1.471,-2.79%
06/25/2021,1.524,1.494,1.544,1.478,1.69%
06/24/2021,1.499,1.485,1.505,1.477,0.91%
06/23/2021,1.485,1.468,1.499,1.458,1.27%
06/22/2021,1.467,1.494,1.509,1.462,-2.04%
06/21/2021,1.497,1.44,1.497,1.354,3.74%
06/18/2021,1.443,1.516,1.524,1.438,-4.48%
06/17/2021,1.511,1.587,1.594,1.472,-4.41%
06/16/2021,1.581,1.496,1.594,1.482,6.15%
06/15/2021,1.489,1.494,1.513,1.48,-0.56%
06/14/2021,1.497,1.462,1.502,1.455,3.01%
06/11/2021,1.454,1.442,1.472,1.428,1.16%
06/10/2021,1.437,1.491,1.535,1.435,-3.72%
06/09/2021,1.492,1.536,1.536,1.472,-2.97%
06/08/2021,1.538,1.57,1.574,1.513,-1.95%
06/07/2021,1.569,1.567,1.582,1.564,0.76%
06/04/2021,1.557,1.628,1.635,1.555,-4.20%
06/03/2021,1.625,1.586,1.63,1.584,2.25%
06/02/2021,1.589,1.613,1.622,1.587,-1.06%
06/01/2021,1.606,1.608,1.639,1.605,-0.21%
05/31/2021,1.61,1.608,1.61,1.608,1.83%
05/28/2021,1.581,1.615,1.623,1.577,-1.59%
05/27/2021,1.606,1.581,1.625,1.571,1.61%
05/26/2021,1.581,1.564,1.582,1.552,1.31%
05/25/2021,1.56,1.608,1.61,1.554,-2.65%
05/24/2021,1.603,1.62,1.627,1.596,-1.26%
05/21/2021,1.623,1.635,1.64,1.613,-0.31%
05/20/2021,1.628,1.673,1.68,1.625,-2.85%
05/19/2021,1.676,1.642,1.692,1.62,2.19%
05/18/2021,1.64,1.647,1.657,1.628,-0.72%
05/17/2021,1.652,1.635,1.652,1.605,1.04%
05/14/2021,1.635,1.663,1.668,1.625,-1.44%
05/13/2021,1.659,1.702,1.707,1.651,-2.03%
05/12/2021,1.693,1.629,1.701,1.609,4.42%
05/11/2021,1.622,1.602,1.631,1.586,1.12%
05/10/2021,1.604,1.586,1.609,1.559,1.58%
05/07/2021,1.579,1.566,1.584,1.469,0.59%
05/06/2021,1.57,1.58,1.591,1.557,-0.11%
05/05/2021,1.571,1.592,1.626,1.568,-1.21%
05/04/2021,1.591,1.605,1.624,1.557,-0.55%
05/03/2021,1.599,1.631,1.655,1.578,-1.63%
04/30/2021,1.626,1.645,1.659,1.62,-0.95%
04/29/2021,1.641,1.615,1.69,1.615,1.89%
04/28/2021,1.611,1.62,1.661,1.608,-0.87%
04/27/2021,1.625,1.57,1.63,1.57,3.62%
04/26/2021,1.568,1.563,1.599,1.556,0.57%
04/23/2021,1.559,1.547,1.582,1.531,1.16%
04/22/2021,1.542,1.554,1.587,1.531,-1.12%
04/21/2021,1.559,1.564,1.586,1.554,-0.45%
04/20/2021,1.566,1.598,1.633,1.557,-2.73%
04/19/2021,1.61,1.578,1.617,1.552,1.23%
04/16/2021,1.59,1.565,1.599,1.552,1.03%
04/15/2021,1.574,1.641,1.646,1.528,-3.67%
04/14/2021,1.634,1.615,1.65,1.611,0.88%
04/13/2021,1.62,1.676,1.703,1.616,-2.97%
04/12/2021,1.669,1.674,1.685,1.644,0.44%
04/09/2021,1.662,1.633,1.687,1.621,2.20%
04/08/2021,1.626,1.669,1.674,1.617,-3.16%
04/07/2021,1.679,1.663,1.679,1.628,1.29%
04/06/2021,1.658,1.7,1.716,1.653,-2.91%
04/05/2021,1.707,1.705,1.745,1.7,2.06%
04/02/2021,1.673,1.67,1.729,1.667,0.00%
04/01/2021,1.673,1.737,1.753,1.672,-4.04%
03/31/2021,1.744,1.717,1.753,1.708,1.99%
03/30/2021,1.71,1.713,1.776,1.706,-0.41%
03/29/2021,1.717,1.672,1.728,1.635,2.56%
03/26/2021,1.674,1.626,1.681,1.619,2.51%
03/25/2021,1.633,1.612,1.642,1.591,1.21%
03/24/2021,1.614,1.615,1.651,1.589,-0.53%
03/23/2021,1.622,1.682,1.702,1.615,-4.27%
03/22/2021,1.695,1.707,1.709,1.663,-2.04%
03/19/2021,1.73,1.71,1.75,1.671,1.38%
03/18/2021,1.706,1.66,1.754,1.629,3.66%
03/17/2021,1.646,1.621,1.689,1.616,1.53%
03/16/2021,1.621,1.602,1.628,1.585,0.88%
03/15/2021,1.607,1.637,1.639,1.595,-1.07%
03/12/2021,1.625,1.541,1.642,1.532,5.83%
03/11/2021,1.535,1.521,1.547,1.475,0.92%
03/10/2021,1.521,1.525,1.566,1.506,-0.45%
03/09/2021,1.528,1.589,1.594,1.523,-4.67%
03/08/2021,1.603,1.597,1.613,1.575,1.67%
03/05/2021,1.577,1.566,1.625,1.535,1.25%
03/04/2021,1.557,1.486,1.569,1.45,4.91%
03/03/2021,1.484,1.402,1.498,1.398,6.15%
03/02/2021,1.398,1.424,1.453,1.39,-1.92%
03/01/2021,1.426,1.395,1.46,1.383,1.34%
02/26/2021,1.407,1.529,1.558,1.381,-8.08%
02/25/2021,1.53,1.379,1.614,1.374,11.52%
02/24/2021,1.372,1.343,1.435,1.33,2.16%
02/23/2021,1.343,1.369,1.389,1.342,-1.86%
02/22/2021,1.369,1.363,1.394,1.326,2.16%
02/19/2021,1.34,1.292,1.363,1.282,3.27%
02/18/2021,1.297,1.274,1.318,1.258,1.19%
02/17/2021,1.282,1.329,1.333,1.269,-2.18%
02/16/2021,1.311,1.25,1.317,1.223,4.85%
02/15/2021,1.25,1.25,1.25,1.25,3.32%
02/12/2021,1.21,1.163,1.213,1.15,3.87%
02/11/2021,1.165,1.147,1.166,1.132,3.61%
02/10/2021,1.124,1.164,1.176,1.122,-3.10%
02/09/2021,1.16,1.164,1.172,1.14,-1.32%
02/08/2021,1.176,1.172,1.2,1.15,0.60%
02/05/2021,1.169,1.138,1.188,1.129,2.90%
02/04/2021,1.136,1.143,1.162,1.131,-0.29%
02/03/2021,1.139,1.108,1.141,1.105,4.07%
02/02/2021,1.095,1.083,1.118,1.074,1.44%
02/01/2021,1.079,1.071,1.089,1.06,0.79%
01/29/2021,1.071,1.048,1.105,1.042,1.80%
01/28/2021,1.052,1.023,1.072,0.996,3.85%
01/27/2021,1.013,1.04,1.05,1.001,-1.97%
01/26/2021,1.033,1.043,1.053,1.028,0.00%
01/25/2021,1.033,1.096,1.103,1.03,-4.85%
01/22/2021,1.086,1.113,1.118,1.08,-2.14%
01/21/2021,1.109,1.085,1.123,1.077,3.01%
01/20/2021,1.077,1.1,1.107,1.075,-1.39%
01/19/2021,1.092,1.102,1.121,1.087,-0.77%
01/18/2021,1.1,1.099,1.1,1.099,1.25%
01/15/2021,1.087,1.128,1.128,1.084,-3.75%
01/14/2021,1.129,1.085,1.138,1.075,3.44%
01/13/2021,1.092,1.117,1.134,1.071,-3.31%
