Date,Price,Open,High,Low,Vol.,Change %
12/31/2019,"1,526.50","1,525.10","1,529.60","1,524.80",0.03K,0.32%
12/30/2019,"1,521.60","1,521.60","1,521.60","1,521.60",178.72K,0.23%
12/27/2019,"1,518.10","1,516.50","1,519.90","1,512.10",204.99K,0.24%
12/26/2019,"1,514.40","1,503.90","1,517.40","1,502.10",216.61K,0.64%
12/24/2019,"1,504.80","1,489.80","1,505.00","1,488.10",183.68K,1.08%
12/23/2019,"1,488.70","1,482.40","1,490.10","1,481.20",162.45K,0.53%
12/20/2019,"1,480.90","1,482.70","1,484.80","1,479.50",140.77K,-0.24%
12/19/2019,"1,484.40","1,479.40","1,485.80","1,477.10",201.19K,0.39%
12/18/2019,"1,478.70","1,480.40","1,483.60","1,474.30",197.97K,-0.13%
12/17/2019,"1,480.60","1,480.60","1,484.90","1,478.40",173.25K,0.01%
12/16/2019,"1,480.50","1,480.00","1,484.50","1,477.40",165.85K,-0.05%
12/13/2019,"1,481.20","1,470.80","1,482.50","1,465.50",356.68K,0.60%
12/12/2019,"1,472.30","1,479.20","1,491.60","1,468.20",409.86K,-0.18%
12/11/2019,"1,475.00","1,468.50","1,483.50","1,466.90",251.73K,0.47%
12/10/2019,"1,468.10","1,466.30","1,473.70","1,464.20",228.83K,0.22%
12/09/2019,"1,464.90","1,464.10","1,469.80","1,463.00",177.22K,-0.01%
12/06/2019,"1,465.10","1,481.00","1,485.30","1,463.30",317.32K,-1.21%
12/05/2019,"1,483.10","1,480.00","1,485.70","1,478.00",240.01K,0.20%
12/04/2019,"1,480.20","1,483.20","1,489.90","1,476.70",319.73K,-0.28%
12/03/2019,"1,484.40","1,468.00","1,487.70","1,465.40",400.90K,1.03%
12/02/2019,"1,469.20","1,470.30","1,471.70","1,459.80",316.58K,-0.24%
11/29/2019,"1,472.70","1,461.20","1,472.90","1,459.10",272.34K,0.00%
11/28/2019,"1,472.70","1,461.20","1,472.90","1,459.10",272.34K,0.81%
11/27/2019,"1,460.80","1,468.30","1,469.10","1,459.10",232.12K,-0.25%
11/26/2019,"1,464.40","1,458.80","1,466.80","1,454.10",2.65K,0.27%
11/25/2019,"1,460.50","1,464.10","1,465.10","1,457.90",0.82K,-0.46%
11/22/2019,"1,467.30","1,468.90","1,476.20","1,465.00",0.71K,0.01%
11/21/2019,"1,467.10","1,478.70","1,479.00","1,466.30",1.46K,-0.70%
11/20/2019,"1,477.50","1,476.70","1,482.30","1,469.90",1.20K,-0.02%
11/19/2019,"1,477.80","1,476.40","1,478.70","1,468.80",0.52K,0.16%
11/18/2019,"1,475.40","1,472.80","1,477.40","1,462.00",0.49K,0.23%
11/15/2019,"1,472.00","1,478.50","1,478.50","1,467.40",0.42K,-0.33%
11/14/2019,"1,476.90","1,468.00","1,477.80","1,467.50",0.39K,0.69%
11/13/2019,"1,466.80","1,461.30","1,471.00","1,461.30",0.13K,0.66%
11/12/2019,"1,457.20","1,461.00","1,463.40","1,450.00",0.16K,-0.23%
11/11/2019,"1,460.60","1,463.40","1,470.00","1,453.10",0.14K,-0.40%
11/08/2019,"1,466.40","1,470.30","1,475.50","1,461.50",0.13K,-0.24%
11/07/2019,"1,469.90","1,496.40","1,496.40","1,467.80",0.21K,-1.80%
11/06/2019,"1,496.80","1,489.70","1,497.00","1,489.50",0.14K,0.62%
11/05/2019,"1,487.60","1,512.70","1,512.70","1,485.00",0.41K,-1.79%
11/04/2019,"1,514.70","1,518.30","1,519.40","1,512.90",0.16K,-0.01%
11/01/2019,"1,514.90","1,518.80","1,521.10","1,513.00",0.01K,-0.22%
10/31/2019,"1,518.30","1,505.80","1,518.00","1,505.80",0.01K,1.21%
10/30/2019,"1,500.20","1,500.20","1,500.20","1,500.20",353.64K,0.64%
10/29/2019,"1,490.70","1,494.30","1,497.10","1,485.60",291.98K,-0.34%
10/28/2019,"1,495.80","1,507.40","1,510.80","1,492.30",318.13K,-0.63%
10/25/2019,"1,505.30","1,506.40","1,520.90","1,503.10",368.74K,0.04%
10/24/2019,"1,504.70","1,495.10","1,506.90","1,490.40",305.01K,0.60%
10/23/2019,"1,495.70","1,491.10","1,499.40","1,490.70",244.62K,0.55%
10/22/2019,"1,487.50","1,487.50","1,492.10","1,484.00",208.97K,-0.04%
10/21/2019,"1,488.10","1,495.60","1,498.70","1,484.80",284.29K,-0.40%
10/18/2019,"1,494.10","1,495.60","1,497.90","1,488.30",232.55K,-0.28%
10/17/2019,"1,498.30","1,494.20","1,501.10","1,487.00",305.67K,0.29%
10/16/2019,"1,494.00","1,484.80","1,495.50","1,480.60",367.90K,0.71%
10/15/2019,"1,483.50","1,497.70","1,503.00","1,480.80",317.99K,-0.94%
10/14/2019,"1,497.60","1,492.00","1,501.50","1,487.10",228.32K,0.60%
10/11/2019,"1,488.70","1,498.30","1,508.00","1,478.00",485.96K,-0.81%
10/10/2019,"1,500.90","1,510.80","1,522.30","1,495.70",417.88K,-0.79%
10/09/2019,"1,512.80","1,510.90","1,518.00","1,505.10",285.28K,0.59%
10/08/2019,"1,503.90","1,498.70","1,515.30","1,492.10",371.44K,-0.03%
10/07/2019,"1,504.40","1,518.60","1,518.80","1,493.30",257.78K,-0.56%
10/04/2019,"1,512.90","1,511.60","1,522.20","1,501.40",344.79K,-0.06%
10/03/2019,"1,513.80","1,505.60","1,525.80","1,501.70",408.74K,0.39%
10/02/2019,"1,507.90","1,485.40","1,511.40","1,480.50",393.10K,1.27%
10/01/2019,"1,489.00","1,478.00","1,493.50","1,465.00",450.17K,1.09%
09/30/2019,"1,472.90","1,501.70","1,507.20","1,470.50",439.71K,-2.22%
09/27/2019,"1,506.40","1,511.80","1,514.40","1,493.30",451.93K,-0.35%
09/26/2019,"1,511.70","1,506.00","1,515.50","1,505.00",0.88K,0.19%
09/25/2019,"1,508.90","1,535.40","1,538.90","1,504.50",1.05K,-1.80%
09/24/2019,"1,536.60","1,525.40","1,538.90","1,520.00",0.69K,0.58%
09/23/2019,"1,527.80","1,520.00","1,530.30","1,515.90",0.42K,1.04%
09/20/2019,"1,512.00","1,508.80","1,520.40","1,504.40",0.07K,0.57%
09/19/2019,"1,503.40","1,496.30","1,507.30","1,496.00",0.04K,-0.63%
09/18/2019,"1,513.00","1,506.20","1,515.50","1,489.80",0.05K,0.15%
09/17/2019,"1,510.80","1,503.60","1,511.60","1,500.70",0.09K,0.14%
09/16/2019,"1,508.70","1,508.40","1,516.70","1,501.00",0.11K,0.80%
09/13/2019,"1,496.80","1,503.30","1,511.00","1,494.10",0.08K,-0.53%
09/12/2019,"1,504.80","1,495.10","1,526.70","1,495.10",0.31K,0.29%
09/11/2019,"1,500.50","1,493.50","1,502.90","1,493.50",0.04K,0.27%
09/10/2019,"1,496.40","1,498.80","1,503.00","1,491.90",0.14K,-0.78%
09/09/2019,"1,508.10","1,517.00","1,517.00","1,503.30",0.06K,-0.28%
09/06/2019,"1,512.40","1,519.10","1,531.00","1,508.10",0.02K,-0.66%
09/05/2019,"1,522.50","1,548.60","1,554.90","1,517.80",0.03K,-2.23%
09/04/2019,"1,557.20","1,548.00","1,561.90","1,548.00",0.01K,0.28%
09/03/2019,"1,552.80","1,531.90","1,532.90","1,525.30",0.00K,-0.20%
09/02/2019,"1,555.90","1,535.20","1,558.90","1,528.00",554.83K,1.95%
08/30/2019,"1,526.20","1,526.20","1,526.20","1,526.20",330.85K,-0.49%
08/29/2019,"1,533.70","1,533.70","1,533.70","1,533.70",455.60K,-0.59%
08/28/2019,"1,542.80","1,545.60","1,550.20","1,535.60",17.19K,-0.18%
08/27/2019,"1,545.60","1,531.00","1,548.20","1,529.20",13.57K,0.96%
08/26/2019,"1,530.90","1,537.50","1,558.60","1,528.70",11.29K,-0.03%
08/23/2019,"1,531.40","1,502.30","1,534.00","1,496.90",13.25K,1.94%
08/22/2019,"1,502.30","1,506.80","1,508.10","1,496.10",8.40K,-0.48%
08/21/2019,"1,509.60","1,511.60","1,512.10","1,500.50",5.34K,-0.01%
08/20/2019,"1,509.70","1,501.10","1,512.70","1,497.00",4.75K,0.28%
08/19/2019,"1,505.50","1,516.90","1,517.10","1,497.30",11.89K,-0.79%
08/16/2019,"1,517.50","1,527.90","1,532.10","1,508.00",10.22K,-0.50%
08/15/2019,"1,525.10","1,521.10","1,531.40","1,512.20",8.76K,0.23%
08/14/2019,"1,521.60","1,506.60","1,528.40","1,499.00",11.64K,0.91%
08/13/2019,"1,507.90","1,515.40","1,539.50","1,483.00",18.79K,-0.20%
08/12/2019,"1,510.90","1,502.90","1,525.20","1,492.40",6.93K,0.59%
08/09/2019,"1,502.00","1,512.40","1,513.20","1,500.00",12.56K,-0.07%
08/08/2019,"1,503.10","1,504.90","1,514.90","1,495.50",10.69K,-0.67%
08/07/2019,"1,513.20","1,480.00","1,516.20","1,478.40",24.40K,2.36%
08/06/2019,"1,478.30","1,473.90","1,480.90","1,462.50",8.13K,0.52%
08/05/2019,"1,470.60","1,446.30","1,475.90","1,443.00",13.12K,1.31%
08/02/2019,"1,451.60","1,451.20","1,455.90","1,436.60",13.33K,1.76%
08/01/2019,"1,426.50","1,419.20","1,452.30","1,406.40",15.59K,-0.37%
07/31/2019,"1,431.80","1,437.60","1,441.90","1,416.50",9.36K,-0.28%
07/30/2019,"1,435.80","1,433.40","1,439.60","1,429.00",12.62K,0.81%
07/29/2019,"1,424.30","1,423.20","1,431.90","1,418.60",2.56K,0.06%
07/26/2019,"1,423.50","1,419.30","1,428.50","1,417.40",2.54K,0.39%
07/25/2019,"1,418.00","1,429.50","1,438.00","1,414.10",5.04K,-0.66%
07/24/2019,"1,427.40","1,421.30","1,433.40","1,420.90",1.24K,0.13%
07/23/2019,"1,425.50","1,429.60","1,434.90","1,418.50",0.76K,-0.36%
07/22/2019,"1,430.70","1,431.80","1,434.30","1,427.50",0.80K,0.04%
07/19/2019,"1,430.10","1,452.70","1,457.10","1,425.00",3.03K,-0.13%
07/18/2019,"1,431.90","1,433.30","1,453.00","1,419.80",1.16K,0.33%
07/17/2019,"1,427.20","1,411.60","1,431.80","1,405.40",0.63K,0.86%
07/16/2019,"1,415.00","1,422.50","1,422.50","1,406.00",0.17K,-0.16%
07/15/2019,"1,417.30","1,417.50","1,425.00","1,413.30",0.30K,0.10%
07/12/2019,"1,415.90","1,411.20","1,422.50","1,408.90",0.72K,0.42%
07/11/2019,"1,410.00","1,424.10","1,431.30","1,408.10",0.32K,-0.41%
07/10/2019,"1,415.80","1,401.20","1,423.80","1,397.50",0.25K,0.85%
07/09/2019,"1,403.90","1,400.80","1,404.80","1,392.80",0.36K,0.04%
07/08/2019,"1,403.30","1,404.30","1,412.40","1,398.00",0.21K,-0.01%
07/05/2019,"1,403.40","1,426.50","1,427.90","1,393.00",0.34K,0.24%
07/04/2019,"1,400.10","1,421.60","1,426.80","1,388.60",577.38K,-1.69%
07/03/2019,"1,424.20","1,435.00","1,442.90","1,418.20",0.43K,0.92%
07/02/2019,"1,411.20","1,392.20","1,424.80","1,391.70",0.08K,1.35%
07/01/2019,"1,392.40","1,399.60","1,403.60","1,388.60",0.15K,-1.72%
06/28/2019,"1,416.70","1,427.60","1,427.60","1,416.00",0.02K,0.13%
06/27/2019,"1,414.90","1,414.90","1,414.90","1,414.90",336.36K,-0.04%
06/26/2019,"1,415.40","1,427.20","1,427.90","1,405.00",421.95K,-0.23%
06/25/2019,"1,418.70","1,423.40","1,442.90","1,415.10",643.59K,0.04%
06/24/2019,"1,418.20","1,403.90","1,425.10","1,403.60",375.15K,1.29%
06/21/2019,"1,400.10","1,391.20","1,415.40","1,386.10",518.89K,0.23%
06/20/2019,"1,396.90","1,364.50","1,397.70","1,361.30",542.90K,3.57%
06/19/2019,"1,348.80","1,350.40","1,366.60","1,344.80",332.61K,-0.14%
06/18/2019,"1,350.70","1,343.90","1,358.50","1,342.10",376.27K,0.58%
06/17/2019,"1,342.90","1,345.50","1,347.10","1,336.60",238.71K,-0.12%
06/14/2019,"1,344.50","1,346.50","1,362.20","1,341.40",358.45K,0.06%
06/13/2019,"1,343.70","1,337.80","1,347.00","1,335.90",204.83K,0.52%
06/12/2019,"1,336.80","1,330.60","1,342.30","1,329.80",234.46K,0.42%
06/11/2019,"1,331.20","1,331.80","1,333.80","1,323.60",215.15K,0.14%
06/10/2019,"1,329.30","1,341.20","1,341.70","1,329.00",228.03K,-1.25%
06/07/2019,"1,346.10","1,339.70","1,352.70","1,334.30",331.29K,0.25%
06/06/2019,"1,342.70","1,336.10","1,344.20","1,331.30",263.09K,0.68%
06/05/2019,"1,333.60","1,330.20","1,348.90","1,329.30",413.47K,0.37%
06/04/2019,"1,328.70","1,329.70","1,334.10","1,324.70",319.96K,0.06%
06/03/2019,"1,327.90","1,312.50","1,333.00","1,310.90",363.40K,1.28%
05/31/2019,"1,311.10","1,293.20","1,311.90","1,292.50",341.18K,1.45%
05/30/2019,"1,292.40","1,285.10","1,293.90","1,279.20",284.02K,0.68%
05/29/2019,"1,283.70","1,281.80","1,287.80","1,281.40",1.64K,0.28%
05/28/2019,"1,280.10","1,287.20","1,289.60","1,278.50",0.78K,0.23%
05/27/2019,"1,277.10","1,283.50","1,286.90","1,275.10",362.16K,-0.72%
05/24/2019,"1,286.40","1,285.90","1,287.50","1,283.30",0.41K,-0.16%
05/23/2019,"1,288.40","1,276.80","1,289.80","1,275.50",0.51K,0.88%
05/22/2019,"1,277.10","1,276.10","1,279.50","1,275.50",0.32K,0.07%
05/21/2019,"1,276.20","1,281.20","1,281.20","1,272.00",0.32K,-0.32%
05/20/2019,"1,280.30","1,281.60","1,282.00","1,276.90",0.20K,0.11%
05/17/2019,"1,278.90","1,290.10","1,292.00","1,278.00",0.38K,-0.81%
05/16/2019,"1,289.40","1,300.10","1,300.80","1,287.80",0.47K,-0.85%
05/15/2019,"1,300.50","1,300.10","1,304.00","1,298.60",0.05K,0.12%
05/14/2019,"1,299.00","1,303.40","1,303.40","1,298.20",0.09K,-0.44%
05/13/2019,"1,304.70","1,291.10","1,304.80","1,285.30",0.09K,1.12%
05/10/2019,"1,290.20","1,288.20","1,292.30","1,287.80",0.04K,0.16%
05/09/2019,"1,288.20","1,287.10","1,291.60","1,285.20",0.03K,0.30%
05/08/2019,"1,284.40","1,291.10","1,295.00","1,284.00",0.04K,-0.33%
05/07/2019,"1,288.60","1,286.80","1,289.60","1,283.90",0.03K,0.13%
05/06/2019,"1,286.90","1,286.10","1,289.90","1,282.30",0.03K,0.20%
05/03/2019,"1,284.30","1,276.10","1,286.60","1,273.50",0.03K,0.73%
05/02/2019,"1,275.00","1,278.00","1,278.50","1,272.70",0.06K,-0.95%
05/01/2019,"1,287.20","1,285.00","1,290.40","1,281.00",0.02K,-0.11%
04/30/2019,"1,288.60","1,288.60","1,288.60","1,288.60",239.44K,0.32%
04/29/2019,"1,284.50","1,284.50","1,284.50","1,284.50",208.96K,-0.33%
04/26/2019,"1,288.80","1,279.10","1,290.90","1,276.00",278.89K,0.71%
04/25/2019,"1,279.70","1,277.90","1,284.80","1,275.20",237.15K,0.02%
04/24/2019,"1,279.40","1,274.40","1,280.70","1,270.50",246.05K,0.49%
04/23/2019,"1,273.20","1,277.00","1,278.50","1,267.90",280.34K,-0.34%
04/22/2019,"1,277.60","1,278.00","1,281.90","1,275.70",136.44K,0.13%
04/18/2019,"1,276.00","1,276.20","1,279.70","1,273.00",229.63K,-0.06%
04/17/2019,"1,276.80","1,279.50","1,282.10","1,275.20",223.36K,-0.03%
04/16/2019,"1,277.20","1,290.80","1,291.70","1,275.50",326.51K,-1.09%
04/15/2019,"1,291.30","1,294.00","1,295.20","1,285.30",232.99K,-0.30%
04/12/2019,"1,295.20","1,295.80","1,299.10","1,293.20",192.49K,0.15%
04/11/2019,"1,293.30","1,312.40","1,313.10","1,292.90",324.74K,-1.57%
04/10/2019,"1,313.90","1,308.20","1,314.70","1,304.70",218.88K,0.43%
04/09/2019,"1,308.30","1,301.60","1,310.40","1,300.60",200.34K,0.49%
04/08/2019,"1,301.90","1,295.80","1,307.90","1,295.50",207.57K,0.49%
04/05/2019,"1,295.60","1,296.50","1,297.80","1,288.30",231.45K,0.10%
04/04/2019,"1,294.30","1,294.40","1,298.70","1,284.90",262.54K,-0.08%
04/03/2019,"1,295.30","1,296.90","1,299.00","1,292.70",190.37K,-0.01%
04/02/2019,"1,295.40","1,292.20","1,297.10","1,289.50",196.40K,0.09%
04/01/2019,"1,294.20","1,297.20","1,301.70","1,291.00",236.66K,-0.33%
03/29/2019,"1,298.50","1,295.00","1,304.60","1,291.30",270.18K,0.25%
03/28/2019,"1,295.30","1,315.00","1,317.60","1,293.30",426.82K,-1.42%
03/27/2019,"1,313.90","1,318.70","1,322.00","1,310.90",2.01K,-0.33%
03/26/2019,"1,318.30","1,325.20","1,325.20","1,315.50",1.53K,-0.54%
03/25/2019,"1,325.40","1,316.20","1,326.50","1,314.00",1.01K,0.76%
03/22/2019,"1,315.40","1,312.30","1,317.60","1,310.00",0.50K,0.37%
03/21/2019,"1,310.60","1,316.00","1,322.40","1,306.60",1.40K,0.45%
03/20/2019,"1,304.70","1,309.00","1,319.60","1,301.50",2.47K,-0.37%
03/19/2019,"1,309.60","1,308.20","1,313.10","1,307.20",0.58K,0.38%
03/18/2019,"1,304.60","1,303.00","1,309.00","1,301.70",0.23K,-0.09%
03/15/2019,"1,305.80","1,298.10","1,308.30","1,297.80",0.59K,0.56%
03/14/2019,"1,298.50","1,310.00","1,310.00","1,295.90",1.04K,-1.07%
03/13/2019,"1,312.50","1,304.00","1,314.50","1,304.00",0.21K,0.87%
03/12/2019,"1,301.20","1,295.90","1,304.90","1,295.60",0.17K,0.53%
03/11/2019,"1,294.30","1,300.90","1,301.90","1,294.10",0.12K,-0.64%
03/08/2019,"1,302.70","1,294.30","1,303.10","1,293.80",0.16K,1.03%
03/07/2019,"1,289.40","1,290.90","1,292.50","1,286.80",0.12K,-0.11%
03/06/2019,"1,290.80","1,292.70","1,294.60","1,288.30",0.04K,0.23%
03/05/2019,"1,287.80","1,290.20","1,292.80","1,286.00",0.08K,-0.21%
03/04/2019,"1,290.50","1,297.60","1,301.00","1,287.00",0.24K,-0.92%
03/01/2019,"1,302.50","1,311.10","1,314.60","1,297.00",0.06K,-1.28%
02/28/2019,"1,319.40","1,327.80","1,328.00","1,318.10",0.07K,-0.42%
02/27/2019,"1,325.00","1,325.00","1,325.00","1,325.00",198.04K,-0.26%
02/26/2019,"1,328.50","1,329.90","1,332.40","1,325.50",185.56K,-0.08%
02/25/2019,"1,329.50","1,331.90","1,334.90","1,327.30",181.78K,-0.25%
02/22/2019,"1,332.80","1,325.80","1,335.60","1,323.80",241.80K,0.38%
02/21/2019,"1,327.80","1,341.70","1,344.30","1,323.30",285.81K,-1.49%
02/20/2019,"1,347.90","1,343.90","1,349.80","1,339.80",246.72K,0.23%
02/19/2019,"1,344.80","1,325.00","1,345.00","1,323.80",348.64K,0.00%
02/18/2019,"1,344.80","1,327.90","1,345.00","1,324.40",348.64K,1.72%
02/15/2019,"1,322.10","1,315.50","1,325.80","1,314.30",200.28K,0.62%
02/14/2019,"1,313.90","1,309.60","1,317.40","1,304.70",228.46K,-0.09%
02/13/2019,"1,315.10","1,314.30","1,321.70","1,308.10",213.96K,0.08%
02/12/2019,"1,314.00","1,311.60","1,318.30","1,310.00",146.45K,0.16%
02/11/2019,"1,311.90","1,318.10","1,318.70","1,307.10",150.61K,-0.50%
02/08/2019,"1,318.50","1,314.30","1,319.50","1,311.50",135.69K,0.33%
02/07/2019,"1,314.20","1,310.90","1,315.80","1,306.40",166.76K,-0.02%
02/06/2019,"1,314.40","1,319.40","1,319.90","1,309.60",137.25K,-0.36%
02/05/2019,"1,319.20","1,316.80","1,321.00","1,314.80",129.01K,-0.01%
02/04/2019,"1,319.30","1,322.60","1,323.60","1,312.70",159.56K,-0.21%
02/01/2019,"1,322.10","1,326.00","1,328.20","1,320.60",200.00K,-0.23%
01/31/2019,"1,325.20","1,325.40","1,331.10","1,322.20",224.75K,0.74%
01/30/2019,"1,315.50","1,317.00","1,328.60","1,313.50",272.11K,0.26%
01/29/2019,"1,312.10","1,305.00","1,313.80","1,304.80",2.36K,0.47%
01/28/2019,"1,305.90","1,302.20","1,306.20","1,299.50",1.41K,0.40%
01/25/2019,"1,300.70","1,282.40","1,305.30","1,281.70",1.94K,1.43%
01/24/2019,"1,282.30","1,285.30","1,286.50","1,278.70",0.67K,-0.35%
01/23/2019,"1,286.80","1,286.50","1,288.30","1,280.40",0.56K,0.08%
01/22/2019,"1,285.80","1,284.50","1,287.20","1,279.00",1.27K,0.19%
01/21/2019,"1,283.40","1,282.40","1,285.00","1,276.00",318.85K,-0.11%
01/18/2019,"1,284.80","1,294.80","1,294.80","1,282.50",1.34K,-0.80%
01/17/2019,"1,295.20","1,295.80","1,297.10","1,291.80",0.23K,-0.11%
01/16/2019,"1,296.60","1,291.90","1,297.70","1,290.70",0.37K,0.40%
01/15/2019,"1,291.40","1,294.30","1,298.00","1,290.00",0.34K,-0.25%
01/14/2019,"1,294.70","1,296.40","1,299.40","1,291.10",0.30K,0.14%
01/11/2019,"1,292.90","1,291.00","1,298.50","1,290.80",0.25K,0.16%
01/10/2019,"1,290.80","1,297.30","1,300.90","1,290.70",0.20K,-0.36%
01/09/2019,"1,295.40","1,289.10","1,297.90","1,284.60",0.14K,0.47%
01/08/2019,"1,289.30","1,290.40","1,291.00","1,286.50",0.07K,-0.31%
01/07/2019,"1,293.30","1,290.20","1,299.80","1,287.60",0.26K,0.32%
01/04/2019,"1,289.20","1,301.00","1,301.90","1,282.30",0.29K,-0.71%
01/03/2019,"1,298.40","1,293.50","1,298.10","1,289.70",0.56K,0.86%
01/02/2019,"1,287.30","1,288.10","1,293.70","1,284.30",0.13K,0.22%
12/31/2018,"1,284.50","1,284.00","1,288.60","1,284.00",0.02K,-0.12%
12/28/2018,"1,286.10","1,286.10","1,286.10","1,286.10",162.73K,0.39%
12/27/2018,"1,281.10","1,270.10","1,281.60","1,269.10",213.50K,0.64%
12/26/2018,"1,273.00","1,273.50","1,282.30","1,267.40",208.54K,0.09%
12/24/2018,"1,271.80","1,260.70","1,273.90","1,260.00",137.24K,1.09%
12/21/2018,"1,258.10","1,263.50","1,266.20","1,257.10",212.78K,-0.77%
12/20/2018,"1,267.90","1,247.00","1,270.30","1,246.20",318.24K,0.92%
12/19/2018,"1,256.40","1,253.50","1,262.20","1,245.30",275.31K,0.22%
12/18/2018,"1,253.60","1,249.70","1,254.50","1,249.00",171.59K,0.14%
12/17/2018,"1,251.80","1,242.80","1,252.20","1,239.40",166.88K,0.84%
12/14/2018,"1,241.40","1,246.20","1,247.30","1,236.50",194.65K,-0.48%
12/13/2018,"1,247.40","1,250.70","1,251.70","1,244.40",158.85K,-0.21%
12/12/2018,"1,250.00","1,248.30","1,252.60","1,247.10",157.07K,0.22%
12/11/2018,"1,247.20","1,249.80","1,255.10","1,245.80",186.39K,-0.18%
12/10/2018,"1,249.40","1,255.60","1,256.60","1,246.90",199.74K,-0.26%
12/07/2018,"1,252.60","1,243.10","1,255.80","1,242.60",225.56K,0.72%
12/06/2018,"1,243.60","1,243.00","1,249.90","1,240.00",248.86K,0.08%
12/05/2018,"1,242.60","1,244.60","1,244.80","1,238.70",110.21K,-0.32%
12/04/2018,"1,246.60","1,236.30","1,247.50","1,235.80",221.14K,0.56%
12/03/2018,"1,239.60","1,227.80","1,240.40","1,226.60",247.72K,1.11%
11/30/2018,"1,226.00","1,229.90","1,231.10","1,221.80",170.45K,-0.36%
11/29/2018,"1,230.40","1,227.10","1,234.90","1,226.70",246.43K,0.26%
11/28/2018,"1,227.20","1,217.70","1,230.20","1,214.50",1.37K,0.83%
11/27/2018,"1,217.10","1,226.90","1,228.80","1,215.90",0.77K,-0.73%
11/26/2018,"1,226.10","1,226.60","1,231.00","1,225.60",0.28K,-0.04%
11/23/2018,"1,226.60","1,231.30","1,232.60","1,224.20",0.78K,0.28%
11/22/2018,"1,223.20","1,227.80","1,229.20","1,220.30",240.35K,-0.65%
11/21/2018,"1,231.20","1,225.70","1,232.90","1,223.60",0.22K,0.56%
11/20/2018,"1,224.40","1,225.30","1,232.30","1,224.30",0.53K,-0.34%
11/19/2018,"1,228.60","1,225.70","1,229.30","1,222.70",0.26K,0.18%
11/16/2018,"1,226.40","1,217.30","1,229.10","1,217.30",0.87K,0.64%
11/15/2018,"1,218.60","1,215.40","1,219.70","1,212.70",0.29K,0.40%
11/14/2018,"1,213.80","1,206.70","1,217.50","1,202.50",0.18K,0.72%
11/13/2018,"1,205.10","1,205.20","1,209.00","1,201.70",0.47K,-0.18%
11/12/2018,"1,207.30","1,214.00","1,214.50","1,204.80",0.16K,-0.44%
11/09/2018,"1,212.60","1,227.20","1,227.30","1,211.50",0.31K,-1.36%
11/08/2018,"1,229.30","1,231.30","1,231.30","1,226.30",1.00K,-0.31%
11/07/2018,"1,233.10","1,233.10","1,241.70","1,231.10",1.08K,0.21%
11/06/2018,"1,230.50","1,235.70","1,241.10","1,230.60",0.98K,-0.46%
11/05/2018,"1,236.20","1,233.80","1,237.60","1,233.80",0.70K,-0.06%
11/02/2018,"1,237.00","1,240.70","1,240.70","1,240.70",0.82K,-0.36%
11/01/2018,"1,241.50","1,219.00","1,228.40","1,219.00",0.06K,1.93%
10/31/2018,"1,218.00","1,219.80","1,221.80","1,218.30",0.00K,-0.84%
10/30/2018,"1,228.30","1,228.30","1,228.30","1,228.30",224.64K,0.06%
10/29/2018,"1,227.60","1,236.40","1,237.60","1,226.10",234.29K,-0.66%
10/26/2018,"1,235.80","1,234.70","1,246.00","1,232.50",315.69K,0.28%
10/25/2018,"1,232.40","1,236.60","1,242.00","1,230.50",259.68K,0.11%
10/24/2018,"1,231.10","1,233.80","1,238.00","1,228.30",211.48K,-0.46%
10/23/2018,"1,236.80","1,225.10","1,243.00","1,224.50",288.38K,1.00%
10/22/2018,"1,224.60","1,230.50","1,232.60","1,222.80",187.23K,-0.33%
10/19/2018,"1,228.70","1,228.60","1,234.10","1,226.20",191.80K,-0.11%
10/18/2018,"1,230.10","1,225.50","1,233.60","1,221.70",243.11K,0.22%
10/17/2018,"1,227.40","1,228.00","1,232.90","1,223.70",235.33K,-0.29%
10/16/2018,"1,231.00","1,230.50","1,235.90","1,226.30",242.42K,0.06%
10/15/2018,"1,230.30","1,221.20","1,236.90","1,220.40",291.57K,0.68%
10/12/2018,"1,222.00","1,227.70","1,228.10","1,219.30",318.23K,-0.46%
10/11/2018,"1,227.60","1,197.90","1,230.00","1,194.70",531.78K,2.87%
10/10/2018,"1,193.40","1,192.70","1,198.60","1,188.50",248.56K,0.16%
10/09/2018,"1,191.50","1,192.20","1,195.80","1,186.60",243.86K,0.24%
10/08/2018,"1,188.60","1,206.70","1,208.00","1,186.00",320.10K,-1.41%
10/05/2018,"1,205.60","1,203.70","1,209.80","1,200.90",255.48K,0.33%
10/04/2018,"1,201.60","1,201.40","1,210.70","1,199.60",290.84K,-0.11%
10/03/2018,"1,202.90","1,207.00","1,212.30","1,200.40",255.07K,-0.34%
10/02/2018,"1,207.00","1,192.70","1,212.30","1,192.20",365.32K,1.28%
10/01/2018,"1,191.70","1,196.10","1,196.50","1,188.10",220.51K,-0.38%
09/28/2018,"1,196.20","1,186.80","1,198.00","1,184.30",307.82K,0.74%
09/27/2018,"1,187.40","1,198.90","1,202.60","1,185.60",351.05K,-0.79%
09/26/2018,"1,196.90","1,203.00","1,203.90","1,193.00",0.44K,-0.47%
09/25/2018,"1,202.50","1,200.20","1,204.60","1,198.90",0.13K,0.07%
09/24/2018,"1,201.70","1,201.20","1,205.00","1,196.20",0.18K,0.26%
09/21/2018,"1,198.60","1,209.70","1,212.10","1,194.20",0.39K,-0.85%
09/20/2018,"1,208.90","1,206.40","1,210.50","1,203.50",0.09K,0.23%
09/19/2018,"1,206.10","1,201.50","1,208.50","1,201.00",0.12K,0.45%
09/18/2018,"1,200.70","1,202.80","1,204.50","1,199.60",0.04K,-0.22%
09/17/2018,"1,203.40","1,198.50","1,207.00","1,195.60",0.05K,0.40%
09/14/2018,"1,198.60","1,204.20","1,209.70","1,195.80",0.12K,-0.57%
09/13/2018,"1,205.50","1,208.90","1,213.30","1,202.50",0.09K,-0.22%
09/12/2018,"1,208.20","1,198.90","1,210.90","1,197.90",0.04K,0.73%
09/11/2018,"1,199.50","1,198.70","1,198.90","1,190.10",0.02K,0.19%
09/10/2018,"1,197.20","1,198.80","1,199.60","1,194.70",0.02K,-0.05%
09/07/2018,"1,197.80","1,202.80","1,203.70","1,200.00",0.01K,-0.32%
09/06/2018,"1,201.70","1,207.60","1,209.00","1,203.50",0.01K,0.24%
09/05/2018,"1,198.80","1,196.10","1,200.70","1,196.10",0.02K,0.18%
09/04/2018,"1,196.60","1,201.80","1,204.80","1,193.30",0.06K,-0.21%
09/03/2018,"1,199.10","1,207.00","1,207.60","1,195.10",421.47K,-0.42%
08/31/2018,"1,204.10","1,202.70","1,205.30","1,202.70",265.11K,0.13%
08/30/2018,"1,202.50","1,202.50","1,202.50","1,202.50",288.07K,-0.33%
08/29/2018,"1,206.50","1,202.20","1,208.80","1,202.20",10.90K,-0.25%
08/28/2018,"1,209.50","1,212.80","1,215.70","1,201.00",20.28K,-0.14%
08/27/2018,"1,211.20","1,209.20","1,214.00","1,204.50",3.45K,0.22%
08/24/2018,"1,208.60","1,187.10","1,210.40","1,184.90",9.56K,1.62%
08/23/2018,"1,189.30","1,198.00","1,198.70","1,185.60",5.42K,-0.78%
08/22/2018,"1,198.70","1,198.70","1,203.70","1,194.80",7.57K,0.27%
08/21/2018,"1,195.50","1,193.00","1,199.80","1,190.00",4.52K,0.45%
08/20/2018,"1,190.20","1,185.50","1,193.20","1,185.30",4.20K,0.88%
08/17/2018,"1,179.80","1,177.50","1,187.60","1,174.20",4.99K,0.02%
08/16/2018,"1,179.60","1,178.10","1,184.50","1,162.70",6.75K,-0.08%
08/15/2018,"1,180.50","1,196.80","1,197.20","1,175.60",8.79K,-1.30%
08/14/2018,"1,196.10","1,196.30","1,200.90","1,194.50",3.75K,0.16%
08/13/2018,"1,194.20","1,214.20","1,216.50","1,193.90",8.35K,-1.65%
08/10/2018,"1,214.20","1,215.30","1,220.00","1,208.50",6.70K,-0.07%
08/09/2018,"1,215.10","1,217.10","1,220.50","1,213.60",3.16K,-0.09%
08/08/2018,"1,216.20","1,214.10","1,218.50","1,208.80",6.97K,0.24%
08/07/2018,"1,213.30","1,211.00","1,219.20","1,210.90",3.62K,0.06%
08/06/2018,"1,212.60","1,216.70","1,220.70","1,209.50",3.28K,-0.45%
08/03/2018,"1,218.10","1,211.80","1,223.30","1,207.40",5.35K,0.26%
08/02/2018,"1,214.90","1,219.40","1,224.90","1,210.30",6.90K,-0.61%
08/01/2018,"1,222.40","1,228.20","1,228.70","1,219.10",6.48K,-0.50%
07/31/2018,"1,228.50","1,224.90","1,232.60","1,217.60",6.81K,0.17%
07/30/2018,"1,226.40","1,226.50","1,229.10","1,223.10",22.01K,-0.01%
07/27/2018,"1,226.50","1,225.80","1,230.10","1,220.00",1.79K,-0.17%
07/26/2018,"1,228.60","1,234.60","1,237.70","1,224.90",1.26K,-0.48%
07/25/2018,"1,234.50","1,227.20","1,236.70","1,226.70",0.48K,0.51%
07/24/2018,"1,228.20","1,227.30","1,232.20","1,221.00",0.85K,0.02%
07/23/2018,"1,228.00","1,234.20","1,237.40","1,224.80",0.59K,-0.45%
07/20/2018,"1,233.60","1,226.70","1,234.50","1,218.90",1.08K,0.58%
07/19/2018,"1,226.50","1,228.90","1,231.20","1,213.40",0.41K,-0.33%
07/18/2018,"1,230.50","1,229.60","1,230.70","1,223.80",0.29K,0.05%
07/17/2018,"1,229.90","1,243.20","1,247.40","1,228.80",0.38K,-0.99%
07/16/2018,"1,242.20","1,245.20","1,248.00","1,241.00",0.24K,-0.13%
07/13/2018,"1,243.80","1,248.90","1,250.50","1,239.50",0.17K,-0.42%
07/12/2018,"1,249.10","1,244.70","1,250.50","1,244.70",0.66K,0.14%
07/11/2018,"1,247.40","1,254.10","1,256.50","1,244.70",0.34K,-0.90%
07/10/2018,"1,258.70","1,261.60","1,263.50","1,251.30",0.42K,-0.32%
07/09/2018,"1,262.80","1,260.40","1,269.80","1,260.40",0.07K,0.31%
07/06/2018,"1,258.90","1,261.50","1,262.70","1,257.80",0.12K,-0.22%
07/05/2018,"1,261.70","1,257.80","1,263.60","1,256.90",0.14K,0.23%
07/04/2018,"1,258.80","1,257.70","1,261.00","1,252.20",392.95K,0.19%
07/03/2018,"1,256.40","1,244.90","1,259.30","1,242.10",0.12K,0.95%
07/02/2018,"1,244.60","1,256.00","1,257.40","1,244.10",0.04K,-1.01%
06/29/2018,"1,257.30","1,257.30","1,257.30","1,257.30",226.20K,0.28%
06/28/2018,"1,253.80","1,253.80","1,253.80","1,253.80",241.82K,-0.18%
06/27/2018,"1,256.10","1,260.50","1,261.90","1,252.20",256.90K,-0.30%
06/26/2018,"1,259.90","1,267.30","1,269.40","1,256.40",254.01K,-0.71%
06/25/2018,"1,268.90","1,272.20","1,274.40","1,265.50",201.57K,-0.14%
06/22/2018,"1,270.70","1,268.60","1,273.10","1,268.40",184.22K,0.02%
06/21/2018,"1,270.50","1,269.70","1,272.30","1,262.40",281.81K,-0.31%
06/20/2018,"1,274.50","1,277.30","1,278.60","1,269.60",233.18K,-0.32%
06/19/2018,"1,278.60","1,280.70","1,286.80","1,272.60",289.57K,-0.12%
06/18/2018,"1,280.10","1,281.10","1,284.90","1,279.50",195.74K,0.13%
06/15/2018,"1,278.50","1,305.90","1,306.70","1,277.90",525.96K,-2.28%
06/14/2018,"1,308.30","1,303.10","1,313.00","1,301.00",347.19K,0.54%
06/13/2018,"1,301.30","1,299.60","1,305.20","1,294.50",263.84K,0.15%
06/12/2018,"1,299.40","1,304.50","1,304.80","1,296.30",236.39K,-0.29%
06/11/2018,"1,303.20","1,303.50","1,307.00","1,297.80",211.58K,0.04%
06/08/2018,"1,302.70","1,301.30","1,304.80","1,296.00",217.65K,-0.02%
06/07/2018,"1,303.00","1,300.90","1,307.80","1,299.00",259.65K,0.12%
06/06/2018,"1,301.40","1,300.60","1,306.10","1,297.70",252.05K,-0.06%
06/05/2018,"1,302.20","1,296.40","1,304.80","1,293.50",271.29K,0.38%
06/04/2018,"1,297.30","1,296.70","1,302.30","1,293.80",215.33K,-0.15%
06/01/2018,"1,299.30","1,303.00","1,304.80","1,293.10",318.57K,-0.41%
05/31/2018,"1,304.70","1,306.00","1,311.50","1,301.00",315.14K,-0.14%
05/30/2018,"1,306.50","1,303.10","1,308.80","1,300.00",338.85K,0.38%
05/29/2018,"1,301.60","1,302.80","1,309.00","1,294.70",2.24K,0.20%
05/28/2018,"1,299.00","1,297.20","1,306.10","1,291.40",386.33K,-0.57%
05/25/2018,"1,306.40","1,307.10","1,309.60","1,302.30",1.52K,-0.07%
05/24/2018,"1,307.30","1,296.10","1,309.10","1,295.30",1.10K,1.17%
05/23/2018,"1,292.20","1,294.40","1,299.40","1,289.60",0.40K,-0.19%
05/22/2018,"1,294.60","1,294.50","1,298.00","1,289.90",0.32K,0.09%
05/21/2018,"1,293.50","1,293.90","1,295.10","1,284.60",0.31K,-0.05%
05/18/2018,"1,294.10","1,292.60","1,296.20","1,288.70",0.13K,0.13%
05/17/2018,"1,292.40","1,293.10","1,296.30","1,287.00",0.13K,-0.16%
05/16/2018,"1,294.50","1,295.00","1,298.90","1,289.10",0.12K,0.09%
05/15/2018,"1,293.40","1,316.90","1,317.20","1,292.10",0.44K,-2.10%
05/14/2018,"1,321.20","1,322.50","1,325.20","1,316.00",0.09K,-0.20%
05/11/2018,"1,323.80","1,324.60","1,328.40","1,320.80",0.18K,-0.11%
05/10/2018,"1,325.30","1,316.40","1,325.50","1,314.00",0.09K,0.70%
05/09/2018,"1,316.10","1,318.10","1,320.60","1,309.00",0.30K,-0.05%
05/08/2018,"1,316.80","1,316.70","1,321.20","1,309.70",0.07K,-0.03%
05/07/2018,"1,317.20","1,323.00","1,323.00","1,315.50",0.03K,-0.04%
05/04/2018,"1,317.70","1,316.50","1,317.80","1,312.80",0.05K,0.15%
05/03/2018,"1,315.70","1,313.00","1,321.50","1,312.10",0.16K,0.54%
05/02/2018,"1,308.60","1,313.30","1,316.00","1,307.90",0.03K,-0.10%
05/01/2018,"1,309.90","1,311.00","1,311.40","1,311.00",0.00K,-0.94%
04/30/2018,"1,322.30","1,322.30","1,322.30","1,322.30",295.96K,-0.32%
04/27/2018,"1,326.50","1,326.50","1,326.50","1,326.50",241.65K,0.65%
04/26/2018,"1,317.90","1,324.20","1,328.00","1,316.20",295.69K,-0.37%
04/25/2018,"1,322.80","1,332.00","1,333.80","1,320.20",269.90K,-0.77%
04/24/2018,"1,333.00","1,326.10","1,334.50","1,323.60",277.65K,0.68%
04/23/2018,"1,324.00","1,336.20","1,337.60","1,323.80",294.25K,-1.07%
04/20/2018,"1,338.30","1,348.50","1,348.90","1,337.00",282.92K,-0.78%
04/19/2018,"1,348.80","1,352.40","1,357.70","1,343.20",342.54K,-0.35%
04/18/2018,"1,353.50","1,350.40","1,359.00","1,345.00",311.37K,0.30%
04/17/2018,"1,349.50","1,349.10","1,352.20","1,340.20",276.63K,-0.09%
04/16/2018,"1,350.70","1,349.80","1,353.50","1,342.80",269.55K,0.21%
04/13/2018,"1,347.90","1,337.60","1,350.30","1,335.50",265.40K,0.45%
04/12/2018,"1,341.90","1,356.30","1,356.70","1,336.70",397.62K,-1.33%
04/11/2018,"1,360.00","1,343.10","1,369.40","1,342.50",492.04K,1.05%
04/10/2018,"1,345.90","1,339.80","1,346.20","1,334.20",285.18K,0.43%
04/09/2018,"1,340.10","1,338.00","1,341.50","1,330.10",228.81K,0.30%
04/06/2018,"1,336.10","1,329.70","1,339.10","1,322.60",373.57K,0.57%
04/05/2018,"1,328.50","1,337.10","1,338.70","1,326.00",280.40K,-0.87%
04/04/2018,"1,340.20","1,336.70","1,352.50","1,335.20",351.03K,0.22%
04/03/2018,"1,337.30","1,345.00","1,346.60","1,332.70",288.39K,-0.71%
04/02/2018,"1,346.90","1,330.70","1,349.20","1,329.00",254.66K,1.48%
03/29/2018,"1,327.30","1,329.30","1,332.60","1,325.40",251.25K,-0.20%
03/28/2018,"1,330.00","1,351.10","1,352.20","1,327.70",386.85K,-1.09%
03/27/2018,"1,344.70","1,355.20","1,358.50","1,342.40",2.33K,-0.95%
03/26/2018,"1,357.60","1,350.90","1,358.30","1,346.50",0.97K,0.38%
03/23/2018,"1,352.40","1,332.00","1,352.80","1,332.00",0.94K,1.70%
03/22/2018,"1,329.80","1,334.20","1,337.30","1,327.10",0.68K,0.44%
03/21/2018,"1,324.00","1,313.90","1,339.30","1,312.30",0.44K,0.72%
03/20/2018,"1,314.50","1,319.40","1,319.60","1,309.30",0.36K,-0.44%
03/19/2018,"1,320.30","1,315.80","1,321.50","1,310.00",0.20K,0.42%
03/16/2018,"1,314.80","1,318.80","1,323.30","1,312.00",0.20K,-0.42%
03/15/2018,"1,320.40","1,328.30","1,330.20","1,318.00",0.21K,-0.59%
03/14/2018,"1,328.20","1,329.40","1,332.90","1,325.40",0.18K,-0.12%
03/13/2018,"1,329.80","1,328.50","1,330.70","1,317.00",0.24K,0.48%
03/12/2018,"1,323.50","1,326.90","1,326.90","1,318.70",0.35K,-0.24%
03/09/2018,"1,326.70","1,322.00","1,327.90","1,316.60",0.35K,0.17%
03/08/2018,"1,324.40","1,328.90","1,331.70","1,323.10",0.06K,-0.44%
03/07/2018,"1,330.30","1,344.00","1,344.00","1,326.50",0.49K,-0.57%
03/06/2018,"1,337.90","1,326.00","1,342.40","1,325.70",0.30K,1.16%
03/05/2018,"1,322.60","1,330.50","1,331.10","1,322.80",0.36K,-0.25%
03/02/2018,"1,325.90","1,320.60","1,328.60","1,319.90",0.48K,1.38%
03/01/2018,"1,307.90","1,311.80","1,324.10","1,308.30",0.06K,-0.96%
02/28/2018,"1,320.60","1,323.80","1,323.80","1,323.80",0.01K,-0.06%
02/27/2018,"1,321.40","1,321.40","1,321.40","1,321.40",334.72K,-0.86%
02/26/2018,"1,332.80","1,330.40","1,342.90","1,328.00",247.24K,0.19%
02/23/2018,"1,330.30","1,333.70","1,334.20","1,327.70",167.85K,-0.18%
02/22/2018,"1,332.70","1,326.20","1,334.40","1,322.90",206.24K,0.05%
02/21/2018,"1,332.10","1,331.20","1,338.50","1,324.40",255.62K,0.07%
02/20/2018,"1,331.20","1,350.20","1,354.00","1,330.60",374.05K,0.00%
02/19/2018,"1,331.20","1,350.20","1,354.00","1,330.60",374.05K,-1.84%
02/16/2018,"1,356.20","1,356.60","1,364.40","1,347.30",230.90K,0.07%
02/15/2018,"1,355.30","1,353.00","1,359.80","1,350.80",274.93K,-0.20%
02/14/2018,"1,358.00","1,331.90","1,358.60","1,319.10",431.72K,2.07%
02/13/2018,"1,330.40","1,325.00","1,333.50","1,323.70",201.43K,0.30%
02/12/2018,"1,326.40","1,317.10","1,330.00","1,316.30",208.07K,0.81%
02/09/2018,"1,315.70","1,321.00","1,325.00","1,313.20",317.67K,-0.25%
02/08/2018,"1,319.00","1,320.70","1,324.50","1,309.00",365.93K,0.33%
02/07/2018,"1,314.60","1,326.60","1,334.80","1,313.50",351.23K,-1.12%
02/06/2018,"1,329.50","1,343.10","1,349.30","1,322.80",473.35K,-0.52%
02/05/2018,"1,336.50","1,334.60","1,344.80","1,331.60",305.68K,-0.06%
02/02/2018,"1,337.30","1,352.20","1,353.30","1,330.10",431.41K,-0.79%
02/01/2018,"1,347.90","1,348.20","1,354.30","1,340.20",310.50K,0.36%
01/31/2018,"1,343.10","1,341.80","1,351.00","1,335.50",377.14K,0.23%
01/30/2018,"1,340.00","1,344.00","1,352.50","1,337.50",412.52K,-0.16%
01/29/2018,"1,342.20","1,351.60","1,353.40","1,338.00",2.59K,-0.90%
01/26/2018,"1,354.40","1,348.70","1,358.20","1,347.70",1.82K,-0.79%
01/25/2018,"1,365.20","1,359.60","1,367.50","1,343.40",1.64K,0.48%
01/24/2018,"1,358.70","1,343.00","1,363.40","1,342.00",1.72K,1.47%
01/23/2018,"1,339.00","1,335.20","1,343.90","1,333.30",1.17K,0.35%
01/22/2018,"1,334.30","1,337.40","1,337.60","1,331.40",0.60K,-0.07%
01/19/2018,"1,335.30","1,329.80","1,339.40","1,329.60",0.44K,0.44%
01/18/2018,"1,329.50","1,330.40","1,334.80","1,326.90",0.49K,-0.89%
01/17/2018,"1,341.40","1,341.80","1,345.20","1,329.60",0.28K,0.16%
01/16/2018,"1,339.30","1,339.20","1,346.50","1,335.00",0.46K,0.16%
01/15/2018,"1,337.10","1,337.30","1,345.00","1,332.10",499.76K,-0.01%
01/12/2018,"1,337.20","1,325.10","1,342.00","1,324.10",0.75K,0.94%
01/11/2018,"1,324.70","1,320.60","1,326.50","1,319.20",0.25K,0.23%
01/10/2018,"1,321.60","1,315.00","1,329.50","1,312.40",0.26K,0.43%
01/09/2018,"1,315.90","1,321.00","1,322.80","1,312.30",0.17K,-0.51%
01/08/2018,"1,322.70","1,323.80","1,324.80","1,318.00",0.71K,-0.14%
01/05/2018,"1,324.50","1,324.30","1,325.90","1,318.50",0.10K,0.05%
01/04/2018,"1,323.90","1,316.90","1,329.30","1,310.00",0.24K,0.23%
01/03/2018,"1,320.80","1,322.00","1,324.50","1,311.50",1.26K,0.19%
01/02/2018,"1,318.30","1,311.00","1,322.30","1,310.80",0.12K,0.53%
12/29/2017,"1,311.40","1,307.20","1,308.80","1,307.00",0.02K,0.92%
12/28/2017,"1,299.50","1,299.50","1,299.50","1,299.50",225.66K,0.63%
12/27/2017,"1,291.40","1,287.80","1,293.20","1,286.00",205.80K,0.30%
12/26/2017,"1,287.50","1,279.00","1,288.40","1,277.70",134.62K,0.68%
12/22/2017,"1,278.80","1,270.30","1,280.40","1,268.40",193.03K,0.65%
12/21/2017,"1,270.60","1,268.80","1,272.50","1,266.00",196.54K,0.08%
12/20/2017,"1,269.60","1,264.80","1,271.40","1,264.40",205.62K,0.43%
12/19/2017,"1,264.20","1,265.40","1,268.60","1,262.30",206.59K,-0.10%
12/18/2017,"1,265.50","1,257.80","1,267.00","1,255.30",214.22K,0.64%
12/15/2017,"1,257.50","1,255.50","1,264.50","1,255.20",246.11K,0.03%
12/14/2017,"1,257.10","1,258.10","1,261.60","1,252.80",264.71K,0.68%
12/13/2017,"1,248.60","1,246.30","1,259.70","1,242.30",324.22K,0.56%
12/12/2017,"1,241.70","1,243.90","1,247.90","1,238.30",232.77K,-0.42%
12/11/2017,"1,246.90","1,249.20","1,253.40","1,242.40",194.38K,-0.12%
12/08/2017,"1,248.40","1,249.50","1,254.40","1,244.40",277.06K,-0.38%
12/07/2017,"1,253.10","1,265.20","1,266.80","1,245.80",326.47K,-1.03%
12/06/2017,"1,266.10","1,268.30","1,271.80","1,264.80",253.05K,0.09%
12/05/2017,"1,264.90","1,279.10","1,279.80","1,263.20",334.83K,-1.00%
12/04/2017,"1,277.70","1,277.60","1,280.50","1,273.50",262.07K,-0.36%
12/01/2017,"1,282.30","1,277.90","1,292.50","1,274.20",438.93K,0.44%
11/30/2017,"1,276.70","1,286.90","1,288.40","1,273.10",354.08K,-0.74%
11/29/2017,"1,286.20","1,298.00","1,300.40","1,285.10",392.06K,-0.80%
11/28/2017,"1,296.60","1,295.80","1,298.50","1,291.90",1.91K,0.03%
11/27/2017,"1,296.20","1,292.00","1,300.70","1,288.50",1.06K,0.54%
11/24/2017,"1,289.20","1,292.80","1,295.00","1,287.20",0.66K,0.15%
11/23/2017,"1,287.30","1,291.90","1,293.30","1,285.10",347.03K,-0.53%
11/22/2017,"1,294.10","1,282.10","1,295.70","1,280.80",0.47K,0.83%
11/21/2017,"1,283.50","1,280.00","1,286.00","1,278.20",0.64K,0.50%
11/20/2017,"1,277.10","1,294.50","1,296.10","1,275.90",0.36K,-1.63%
11/17/2017,"1,298.20","1,279.90","1,298.20","1,279.90",0.43K,1.43%
11/16/2017,"1,279.90","1,280.50","1,283.00","1,277.00",0.32K,0.04%
11/15/2017,"1,279.40","1,283.30","1,291.30","1,279.30",0.33K,-0.40%
11/14/2017,"1,284.60","1,278.00","1,285.40","1,273.10",0.22K,0.31%
11/13/2017,"1,280.60","1,277.00","1,281.00","1,276.30",0.12K,0.37%
11/10/2017,"1,275.90","1,287.50","1,288.00","1,275.80",0.10K,-1.03%
11/09/2017,"1,289.20","1,284.70","1,290.00","1,284.30",0.19K,0.30%
11/08/2017,"1,285.40","1,276.10","1,287.70","1,276.10",0.44K,0.62%
11/07/2017,"1,277.50","1,282.70","1,282.70","1,274.50",0.33K,-0.45%
11/06/2017,"1,283.30","1,271.10","1,285.50","1,271.10",0.38K,0.98%
11/03/2017,"1,270.80","1,279.30","1,282.60","1,268.60",0.29K,-0.70%
11/02/2017,"1,279.80","1,278.40","1,285.80","1,278.10",0.15K,0.05%
11/01/2017,"1,279.20","1,271.60","1,280.80","1,271.60",0.01K,0.53%
10/31/2017,"1,272.40","1,275.10","1,275.10","1,270.80",0.02K,-0.58%
10/30/2017,"1,279.80","1,279.80","1,279.80","1,279.80",260.08K,0.63%
10/27/2017,"1,271.80","1,268.00","1,275.20","1,263.80",363.10K,0.17%
10/26/2017,"1,269.60","1,278.60","1,283.80","1,266.40",384.12K,-0.73%
10/25/2017,"1,279.00","1,278.00","1,281.30","1,272.00",379.40K,0.05%
10/24/2017,"1,278.30","1,283.90","1,285.30","1,274.80",268.91K,-0.20%
10/23/2017,"1,280.90","1,281.50","1,284.70","1,273.60",284.48K,0.03%
10/20/2017,"1,280.50","1,292.00","1,292.90","1,279.30",314.81K,-0.74%
10/19/2017,"1,290.00","1,282.80","1,292.80","1,277.60",355.71K,0.55%
10/18/2017,"1,283.00","1,286.90","1,290.80","1,278.60",258.54K,-0.25%
10/17/2017,"1,286.20","1,297.20","1,298.40","1,283.20",342.41K,-1.29%
10/16/2017,"1,303.00","1,306.00","1,308.40","1,292.50",271.28K,-0.12%
10/13/2017,"1,304.60","1,296.00","1,306.40","1,292.90",297.57K,0.62%
10/12/2017,"1,296.50","1,294.60","1,299.80","1,291.80",246.08K,0.59%
10/11/2017,"1,288.90","1,290.70","1,295.90","1,286.80",261.36K,-0.38%
10/10/2017,"1,293.80","1,286.80","1,296.70","1,284.60",316.58K,0.68%
10/09/2017,"1,285.00","1,278.60","1,288.00","1,277.70",200.99K,0.79%
10/06/2017,"1,274.90","1,270.60","1,279.20","1,262.80",373.75K,0.13%
10/05/2017,"1,273.20","1,277.50","1,281.60","1,268.50",221.52K,-0.28%
10/04/2017,"1,276.80","1,274.50","1,285.00","1,273.10",273.12K,0.17%
10/03/2017,"1,274.60","1,273.10","1,277.40","1,271.00",207.42K,-0.09%
10/02/2017,"1,275.80","1,282.20","1,282.80","1,272.00",272.71K,-0.70%
09/29/2017,"1,284.80","1,290.10","1,293.20","1,278.20",287.45K,-0.30%
09/28/2017,"1,288.70","1,285.10","1,291.60","1,280.40",288.51K,0.23%
09/27/2017,"1,285.80","1,295.40","1,296.60","1,282.10",0.75K,-1.05%
09/26/2017,"1,299.50","1,310.80","1,313.90","1,294.00",0.72K,-0.71%
09/25/2017,"1,308.80","1,294.70","1,311.40","1,291.80",0.44K,1.07%
09/22/2017,"1,294.90","1,292.30","1,298.60","1,291.90",0.21K,0.21%
09/21/2017,"1,292.20","1,302.00","1,302.00","1,289.00",0.76K,-1.66%
09/20/2017,"1,314.00","1,311.90","1,316.50","1,297.80",0.37K,0.44%
09/19/2017,"1,308.20","1,308.40","1,312.20","1,306.90",0.34K,-0.01%
09/18/2017,"1,308.30","1,318.60","1,320.40","1,307.40",0.09K,-1.10%
09/15/2017,"1,322.90","1,333.00","1,335.00","1,322.10",0.07K,-0.30%
09/14/2017,"1,326.90","1,320.00","1,330.00","1,317.80",0.07K,0.10%
09/13/2017,"1,325.60","1,334.10","1,334.90","1,322.30",0.13K,-0.37%
09/12/2017,"1,330.50","1,330.50","1,330.70","1,324.40",0.13K,-0.20%
09/11/2017,"1,333.20","1,346.00","1,346.00","1,328.80",0.18K,-1.18%
09/08/2017,"1,349.10","1,352.20","1,359.00","1,346.80",0.17K,0.05%
09/07/2017,"1,348.40","1,337.80","1,352.50","1,337.80",0.22K,0.85%
09/06/2017,"1,337.10","1,343.70","1,345.10","1,335.60",0.10K,-0.41%
09/05/2017,"1,342.60","1,338.10","1,347.30","1,330.40",0.27K,-0.14%
09/04/2017,"1,344.50","1,339.70","1,349.70","1,331.10",368.17K,1.20%
09/01/2017,"1,328.50","1,327.30","1,329.00","1,327.00",0.04K,0.61%
08/31/2017,"1,320.40","1,314.80","1,315.10","1,314.50",0.01K,0.62%
08/30/2017,"1,312.30","1,312.30","1,312.30","1,312.30",460.45K,-0.23%
08/29/2017,"1,315.30","1,315.60","1,328.20","1,306.90",20.42K,0.27%
08/28/2017,"1,311.80","1,294.10","1,314.00","1,294.00",28.97K,1.34%
08/25/2017,"1,294.50","1,288.10","1,297.70","1,277.00",10.01K,0.46%
08/24/2017,"1,288.60","1,292.50","1,293.00","1,286.10",3.87K,-0.21%
08/23/2017,"1,291.30","1,286.90","1,293.70","1,284.70",4.10K,0.29%
08/22/2017,"1,287.60","1,293.20","1,294.00","1,283.80",4.47K,-0.44%
08/21/2017,"1,293.30","1,285.50","1,296.00","1,282.90",3.71K,0.39%
08/18/2017,"1,288.30","1,290.70","1,303.50","1,285.70",8.55K,-0.06%
08/17/2017,"1,289.10","1,286.00","1,292.50","1,283.20",7.34K,0.75%
08/16/2017,"1,279.50","1,273.80","1,286.10","1,270.00",3.60K,0.25%
08/15/2017,"1,276.30","1,284.20","1,284.20","1,269.40",5.74K,-0.83%
08/14/2017,"1,287.00","1,292.90","1,293.00","1,280.90",5.49K,-0.29%
08/11/2017,"1,290.70","1,289.50","1,294.60","1,283.50",5.83K,0.31%
08/10/2017,"1,286.70","1,280.20","1,290.40","1,277.20",8.31K,0.84%
08/09/2017,"1,276.00","1,262.70","1,281.20","1,262.70",8.53K,1.33%
08/08/2017,"1,259.30","1,259.80","1,267.70","1,254.00",6.11K,-0.17%
08/07/2017,"1,261.40","1,261.40","1,262.40","1,258.10",1.43K,0.01%
08/04/2017,"1,261.30","1,272.00","1,273.00","1,256.90",9.06K,-0.77%
08/03/2017,"1,271.10","1,269.00","1,273.70","1,259.70",6.86K,-0.31%
08/02/2017,"1,275.10","1,271.70","1,275.60","1,265.80",4.28K,-0.08%
08/01/2017,"1,276.10","1,272.40","1,276.90","1,265.20",14.03K,0.47%
07/31/2017,"1,270.10","1,273.00","1,273.90","1,268.40",5.01K,-0.14%
07/28/2017,"1,271.90","1,261.90","1,273.70","1,260.30",20.06K,0.82%
07/27/2017,"1,261.50","1,261.30","1,266.20","1,255.50",2.51K,0.86%
07/26/2017,"1,250.80","1,250.70","1,264.70","1,244.80",1.51K,-0.22%
07/25/2017,"1,253.50","1,256.10","1,259.00","1,250.40",1.23K,-0.17%
07/24/2017,"1,255.60","1,256.00","1,259.60","1,253.10",1.20K,-0.03%
07/21/2017,"1,256.00","1,245.00","1,256.30","1,244.40",0.33K,0.74%
07/20/2017,"1,246.80","1,242.10","1,248.20","1,236.00",0.46K,0.27%
07/19/2017,"1,243.40","1,243.40","1,244.40","1,237.50",0.35K,0.00%
07/18/2017,"1,243.40","1,235.50","1,245.10","1,234.80",0.87K,0.66%
07/17/2017,"1,235.30","1,230.60","1,236.80","1,230.60",0.61K,0.50%
07/14/2017,"1,229.10","1,218.40","1,234.00","1,216.80",0.34K,0.84%
07/13/2017,"1,218.90","1,219.80","1,224.60","1,217.40",0.32K,-0.16%
07/12/2017,"1,220.80","1,218.70","1,226.00","1,215.80",0.28K,0.36%
07/11/2017,"1,216.40","1,214.30","1,218.20","1,209.60",0.28K,0.12%
07/10/2017,"1,214.90","1,212.60","1,216.00","1,205.90",0.39K,0.29%
07/07/2017,"1,211.40","1,221.70","1,228.90","1,209.80",0.51K,-1.11%
07/06/2017,"1,225.00","1,228.00","1,229.00","1,224.20",0.14K,0.13%
07/05/2017,"1,223.40","1,223.00","1,230.00","1,218.30",0.37K,0.14%
07/04/2017,"1,221.70","1,220.10","1,228.40","1,216.50",366.77K,0.06%
07/03/2017,"1,221.00","1,244.40","1,244.40","1,220.20",0.24K,-1.86%
06/30/2017,"1,244.10","1,245.00","1,245.00","1,242.70",0.45K,-0.28%
06/29/2017,"1,247.60","1,247.60","1,247.60","1,247.60",277.75K,-0.12%
06/28/2017,"1,249.10","1,247.30","1,255.70","1,246.70",195.07K,0.18%
06/27/2017,"1,246.90","1,245.20","1,253.80","1,241.80",213.42K,0.04%
06/26/2017,"1,246.40","1,258.10","1,259.00","1,236.50",227.47K,-0.80%
06/23/2017,"1,256.40","1,250.90","1,260.00","1,250.60",162.67K,0.56%
06/22/2017,"1,249.40","1,246.40","1,256.00","1,246.40",187.39K,0.29%
06/21/2017,"1,245.80","1,243.90","1,248.80","1,241.70",170.46K,0.18%
06/20/2017,"1,243.50","1,245.40","1,249.40","1,242.40",185.39K,-0.26%
06/19/2017,"1,246.70","1,255.80","1,257.30","1,244.30",179.65K,-0.78%
06/16/2017,"1,256.50","1,255.60","1,258.60","1,253.20",149.11K,0.15%
06/15/2017,"1,254.60","1,262.70","1,268.50","1,252.70",255.15K,-1.67%
06/14/2017,"1,275.90","1,268.40","1,284.20","1,259.00",348.34K,0.58%
06/13/2017,"1,268.60","1,267.70","1,271.00","1,260.50",175.60K,-0.02%
06/12/2017,"1,268.90","1,269.70","1,272.40","1,265.60",173.01K,-0.20%
06/09/2017,"1,271.40","1,283.50","1,284.60","1,266.70",219.21K,-0.63%
06/08/2017,"1,279.50","1,289.50","1,291.50","1,273.50",257.44K,-1.06%
06/07/2017,"1,293.20","1,297.00","1,297.60","1,285.00",218.85K,-0.33%
06/06/2017,"1,297.50","1,282.50","1,298.80","1,282.10",257.79K,1.15%
06/05/2017,"1,282.70","1,282.60","1,286.00","1,280.20",139.80K,0.20%
06/02/2017,"1,280.20","1,268.00","1,282.20","1,261.30",272.29K,0.80%
06/01/2017,"1,270.10","1,271.60","1,272.80","1,263.70",181.20K,-0.42%
05/31/2017,"1,275.40","1,265.70","1,276.80","1,262.00",204.29K,0.77%
05/30/2017,"1,265.70","1,271.20","1,273.40","1,261.80",286.21K,0.00%
05/29/2017,"1,265.70","1,271.20","1,273.40","1,261.80",286.21K,-0.32%
05/26/2017,"1,269.70","1,257.20","1,271.00","1,254.50",1.24K,0.93%
05/25/2017,"1,258.00","1,260.30","1,261.00","1,255.10",0.51K,0.26%
05/24/2017,"1,254.70","1,253.20","1,260.00","1,249.80",1.08K,-0.19%
05/23/2017,"1,257.10","1,263.30","1,265.10","1,252.30",0.61K,-0.47%
05/22/2017,"1,263.00","1,259.00","1,263.30","1,253.30",0.45K,0.62%
05/19/2017,"1,255.20","1,248.60","1,257.80","1,248.50",0.33K,0.06%
05/18/2017,"1,254.50","1,263.00","1,266.70","1,248.00",0.76K,-0.47%
05/17/2017,"1,260.40","1,238.40","1,262.00","1,238.40",1.03K,1.81%
05/16/2017,"1,238.00","1,232.80","1,240.00","1,232.10",0.08K,0.52%
05/15/2017,"1,231.60","1,230.00","1,238.80","1,229.90",0.33K,0.19%
05/12/2017,"1,229.30","1,226.80","1,232.90","1,226.40",1.29K,0.29%
05/11/2017,"1,225.80","1,220.10","1,229.00","1,220.10",0.32K,0.43%
05/10/2017,"1,220.50","1,224.10","1,227.20","1,219.40",0.16K,0.23%
05/09/2017,"1,217.70","1,228.90","1,228.90","1,216.00",0.36K,-0.90%
05/08/2017,"1,228.70","1,224.20","1,238.00","1,223.90",0.28K,0.02%
05/05/2017,"1,228.50","1,230.40","1,236.80","1,228.30",0.07K,-0.14%
05/04/2017,"1,230.20","1,240.20","1,242.80","1,228.10",0.23K,-1.60%
05/03/2017,"1,250.20","1,254.50","1,255.20","1,239.30",0.11K,-0.68%
05/02/2017,"1,258.70","1,258.50","1,259.50","1,254.70",0.07K,0.12%
05/01/2017,"1,257.20","1,266.40","1,267.70","1,257.00",0.04K,-1.01%
04/28/2017,"1,270.00","1,267.90","1,270.50","1,267.30",0.04K,0.19%
04/27/2017,"1,267.60","1,267.60","1,267.60","1,267.60",210.73K,0.27%
04/26/2017,"1,264.20","1,265.50","1,272.80","1,260.70",241.05K,-0.24%
04/25/2017,"1,267.20","1,277.90","1,279.90","1,262.80",253.77K,-0.81%
04/24/2017,"1,277.50","1,280.00","1,280.00","1,266.00",302.84K,-0.90%
04/21/2017,"1,289.10","1,283.30","1,290.10","1,280.00",229.60K,0.41%
04/20/2017,"1,283.80","1,282.20","1,285.20","1,278.00",245.62K,0.03%
04/19/2017,"1,283.40","1,291.70","1,292.70","1,275.40",260.70K,-0.83%
04/18/2017,"1,294.10","1,286.70","1,294.40","1,280.60",280.74K,0.17%
04/17/2017,"1,291.90","1,292.40","1,297.40","1,283.10",191.67K,0.26%
04/13/2017,"1,288.50","1,288.30","1,290.70","1,283.80",235.46K,0.81%
04/12/2017,"1,278.10","1,277.20","1,289.00","1,273.80",251.10K,0.31%
04/11/2017,"1,274.20","1,256.80","1,277.40","1,254.70",292.14K,1.62%
04/10/2017,"1,253.90","1,255.60","1,258.90","1,248.20",182.20K,-0.27%
04/07/2017,"1,257.30","1,253.90","1,273.30","1,252.40",375.41K,0.32%
04/06/2017,"1,253.30","1,257.60","1,260.90","1,251.30",165.26K,0.38%
04/05/2017,"1,248.50","1,258.20","1,259.30","1,245.40",236.74K,-0.79%
04/04/2017,"1,258.40","1,255.50","1,263.70","1,255.50",158.36K,0.35%
04/03/2017,"1,254.00","1,251.90","1,255.90","1,246.40",142.20K,0.22%
03/31/2017,"1,251.20","1,244.60","1,252.80","1,241.50",165.21K,0.26%
03/30/2017,"1,248.00","1,256.10","1,256.50","1,244.20",217.66K,-0.58%
03/29/2017,"1,255.30","1,253.50","1,255.90","1,248.70",1.57K,-0.15%
03/28/2017,"1,257.20","1,255.30","1,259.80","1,249.00",1.52K,-0.01%
03/27/2017,"1,257.30","1,251.70","1,262.40","1,247.70",0.80K,0.58%
03/24/2017,"1,250.10","1,247.60","1,252.50","1,242.50",0.85K,0.12%
03/23/2017,"1,248.60","1,249.00","1,254.50","1,244.30",0.62K,-0.21%
03/22/2017,"1,251.20","1,246.50","1,252.50","1,246.00",0.58K,0.26%
03/21/2017,"1,248.00","1,235.90","1,248.80","1,228.40",0.42K,1.00%
03/20/2017,"1,235.60","1,231.60","1,236.20","1,231.60",0.26K,0.32%
03/17/2017,"1,231.70","1,227.00","1,232.70","1,225.80",0.34K,0.25%
03/16/2017,"1,228.60","1,220.50","1,234.00","1,220.00",0.77K,2.19%
03/15/2017,"1,202.30","1,199.50","1,223.00","1,198.30",0.69K,-0.16%
03/14/2017,"1,204.20","1,203.60","1,208.50","1,198.60",0.23K,-0.04%
03/13/2017,"1,204.70","1,207.00","1,211.60","1,204.60",0.55K,0.14%
03/10/2017,"1,203.00","1,202.00","1,206.40","1,197.20",0.54K,-0.15%
03/09/2017,"1,204.80","1,209.30","1,209.30","1,201.50",0.65K,-0.51%
03/08/2017,"1,211.00","1,219.00","1,219.00","1,208.40",0.17K,-0.55%
03/07/2017,"1,217.70","1,227.10","1,227.10","1,215.60",0.45K,-0.77%
03/06/2017,"1,227.10","1,235.10","1,236.40","1,227.10",0.47K,-0.08%
03/03/2017,"1,228.10","1,236.00","1,237.90","1,224.90",0.26K,-0.51%
03/02/2017,"1,234.40","1,249.40","1,249.40","1,234.20",0.20K,-1.37%
03/01/2017,"1,251.60","1,248.20","1,252.70","1,240.20",0.13K,-0.30%
02/28/2017,"1,255.40","1,254.70","1,258.40","1,252.90",0.10K,-0.40%
02/27/2017,"1,260.40","1,260.40","1,260.40","1,260.40",208.49K,0.17%
02/24/2017,"1,258.30","1,250.60","1,261.20","1,248.80",220.13K,0.55%
02/23/2017,"1,251.40","1,238.30","1,252.20","1,236.40",264.97K,1.47%
02/22/2017,"1,233.30","1,236.90","1,241.90","1,231.50",201.34K,-0.45%
02/21/2017,"1,238.90","1,236.40","1,240.20","1,226.80",259.51K,0.00%
02/20/2017,"1,238.90","1,236.40","1,240.20","1,226.80",259.51K,-0.02%
02/17/2017,"1,239.10","1,240.80","1,245.10","1,235.30",164.41K,-0.20%
02/16/2017,"1,241.60","1,234.30","1,243.70","1,233.30",203.79K,0.69%
02/15/2017,"1,233.10","1,228.60","1,234.90","1,217.50",226.71K,0.63%
02/14/2017,"1,225.40","1,226.10","1,236.00","1,222.70",233.75K,-0.03%
02/13/2017,"1,225.80","1,234.20","1,234.40","1,220.30",176.62K,-0.82%
02/10/2017,"1,235.90","1,229.60","1,238.90","1,222.60",240.05K,-0.07%
02/09/2017,"1,236.80","1,242.70","1,246.20","1,226.10",246.14K,-0.22%
02/08/2017,"1,239.50","1,235.20","1,246.60","1,231.30",221.91K,0.28%
02/07/2017,"1,236.10","1,236.90","1,237.50","1,229.20",202.31K,0.32%
02/06/2017,"1,232.10","1,221.90","1,237.50","1,220.80",197.32K,0.93%
02/03/2017,"1,220.80","1,217.80","1,223.20","1,208.30",217.98K,0.11%
02/02/2017,"1,219.40","1,211.20","1,227.50","1,210.20",232.06K,0.92%
02/01/2017,"1,208.30","1,212.20","1,215.00","1,199.70",217.09K,-0.26%
01/31/2017,"1,211.40","1,197.70","1,217.40","1,195.60",246.90K,1.29%
01/30/2017,"1,196.00","1,194.60","1,201.30","1,190.00",191.77K,0.52%
01/27/2017,"1,189.80","1,190.20","1,192.40","1,181.70",2.44K,-0.10%
01/26/2017,"1,191.00","1,202.10","1,203.10","1,185.10",1.43K,-0.67%
01/25/2017,"1,199.00","1,209.80","1,209.80","1,193.90",1.47K,-1.05%
01/24/2017,"1,211.70","1,218.40","1,220.60","1,207.50",0.88K,-0.40%
01/23/2017,"1,216.60","1,210.80","1,220.00","1,210.40",0.92K,0.88%
01/20/2017,"1,206.00","1,204.90","1,215.90","1,199.70",1.03K,0.27%
01/19/2017,"1,202.70","1,203.60","1,207.40","1,197.30",0.79K,-0.89%
01/18/2017,"1,213.50","1,218.20","1,218.20","1,203.60",0.79K,-0.07%
01/17/2017,"1,214.30","1,200.80","1,220.00","1,200.80",0.70K,0.12%
01/16/2017,"1,212.90","1,199.40","1,218.90","1,198.00",381.42K,1.29%
01/13/2017,"1,197.50","1,195.60","1,201.80","1,189.40",0.43K,-0.31%
01/12/2017,"1,201.20","1,193.40","1,208.10","1,193.40",0.33K,0.27%
01/11/2017,"1,198.00","1,189.10","1,199.80","1,178.80",0.49K,0.94%
01/10/2017,"1,186.90","1,183.50","1,191.20","1,181.90",0.20K,0.05%
01/09/2017,"1,186.30","1,174.90","1,187.20","1,174.60",0.21K,0.98%
01/06/2017,"1,174.80","1,179.70","1,180.10","1,172.60",0.19K,-0.66%
01/05/2017,"1,182.60","1,165.30","1,186.50","1,165.30",0.20K,1.38%
01/04/2017,"1,166.50","1,158.10","1,168.50","1,158.10",0.24K,0.28%
01/03/2017,"1,163.20","1,154.00","1,165.00","1,148.10",0.22K,0.89%
